,Olympiad_Participation,Scholarship,School,Fav_sub,Projects,Grasp_pow,Time_sprt,Medals,Career_sprt,Act_sprt,Fant_arts,Won_arts,Time_art,Predicted_Hobby
0,1,1,1,2,1,5,1,1,0,0,0,0,3,0
1,1,1,1,2,1,3,2,0,0,0,0,1,1,0
2,1,1,1,3,1,5,1,1,0,0,0,1,1,0
3,1,1,1,2,1,5,1,1,0,0,0,0,3,0
4,1,1,1,3,1,5,3,0,0,0,0,1,2,0
5,1,1,1,2,1,6,2,1,0,0,0,1,4,0
6,1,1,1,3,1,3,5,0,0,0,0,1,2,0
7,1,1,1,2,0,5,2,0,0,0,0,0,3,0
8,1,1,1,3,1,3,2,1,0,0,0,1,1,0
9,1,1,1,3,1,5,3,1,0,0,0,1,1,0
10,1,1,1,2,1,6,4,1,0,0,0,1,2,0
11,1,1,1,2,0,3,1,0,0,0,0,1,2,0
12,1,1,1,2,0,3,4,0,0,0,0,0,1,0
13,1,1,1,3,1,6,2,1,0,0,0,0,1,0
14,1,1,1,0,1,2,2,1,0,0,0,1,1,0
15,1,1,1,2,1,5,1,0,0,0,0,1,2,0
16,1,1,1,2,1,5,2,1,0,0,0,1,1,0
17,1,1,1,0,1,5,3,1,0,0,0,1,2,0
18,1,1,1,0,1,6,2,1,0,0,0,1,1,0
19,1,1,1,2,0,3,1,0,0,0,0,1,3,0
20,1,1,1,2,0,5,1,0,0,0,0,1,3,0
21,1,1,1,0,0,2,2,1,0,0,0,1,1,0
22,1,1,1,3,1,6,2,1,0,0,0,1,1,0
23,1,1,1,0,1,6,2,1,0,0,0,1,1,0
24,1,1,1,2,0,5,3,1,0,0,0,1,1,0
25,1,1,1,3,0,5,3,1,0,0,0,0,1,0
26,1,1,1,3,1,6,3,1,0,0,0,1,1,0
27,1,1,1,0,1,3,2,0,0,0,0,1,1,0
28,1,1,1,3,1,5,4,1,0,0,0,1,6,0
29,1,1,1,1,0,5,1,0,0,0,0,1,1,0
30,1,1,1,0,0,5,3,1,0,0,0,1,1,0
31,1,1,1,2,1,2,4,0,0,0,0,0,3,0
32,1,1,1,3,0,5,2,1,0,0,0,1,3,0
33,1,1,1,3,1,6,2,1,0,0,0,1,1,0
34,1,1,1,0,0,5,3,1,0,0,0,1,2,0
35,1,1,1,2,1,3,2,0,0,0,0,1,1,0
36,1,1,1,3,1,5,2,0,0,0,0,0,2,0
37,1,1,1,3,1,5,2,0,0,0,0,0,1,0
38,1,1,1,2,1,3,2,0,0,0,0,0,1,0
39,1,1,1,3,1,5,3,0,0,0,0,0,1,0
40,1,1,1,3,1,5,3,0,0,0,0,1,1,0
41,1,1,1,3,1,5,3,1,0,0,0,1,1,0
42,1,1,1,2,1,5,2,0,0,0,0,1,1,0
43,1,1,1,2,0,5,2,1,0,0,0,0,1,0
44,1,1,1,2,1,3,2,0,0,0,0,0,1,0
45,1,1,1,2,1,5,3,0,0,0,0,0,1,0
46,1,1,1,3,1,3,1,0,0,0,0,0,1,0
47,1,1,1,2,0,5,1,0,0,0,0,0,1,0
48,1,1,1,3,1,5,1,0,0,0,0,0,1,0
49,1,1,1,3,1,5,3,1,0,0,0,1,1,0
50,1,1,1,2,1,3,3,1,0,0,0,0,2,0
51,1,1,1,3,1,5,2,0,0,0,0,0,1,0
52,1,1,1,3,1,3,2,0,0,0,0,0,2,0
53,1,1,1,0,1,2,3,0,0,0,0,0,2,0
54,1,1,1,0,1,5,2,1,0,0,0,0,1,0
55,1,1,1,3,1,5,2,1,0,0,0,1,1,0
56,1,1,1,2,1,3,1,1,0,0,0,0,2,0
57,1,1,1,3,1,5,3,0,0,0,0,0,1,0
58,1,1,1,2,1,3,2,0,0,0,0,1,1,0
59,1,1,1,3,1,5,3,0,0,0,1,0,2,0
60,1,1,0,2,1,3,2,0,0,0,1,1,1,0
61,1,1,0,3,1,5,3,0,0,0,1,0,3,0
62,1,1,0,3,1,5,3,0,0,0,1,1,1,0
63,1,1,1,3,1,5,3,0,0,0,1,1,1,0
64,1,1,1,3,1,5,1,0,0,0,0,1,2,0
65,1,1,1,3,1,3,2,1,0,0,1,0,1,0
66,1,1,1,2,1,3,2,0,0,0,0,0,1,0
67,1,1,1,2,0,3,2,0,0,0,1,1,1,0
68,1,1,1,3,1,5,3,1,0,0,0,1,1,0
69,1,1,1,3,1,5,3,0,0,0,1,1,3,0
70,1,1,1,2,1,3,3,1,0,0,0,1,2,0
71,1,1,1,3,1,5,1,1,0,0,0,1,1,0
72,1,1,1,2,1,5,2,0,0,0,1,0,1,0
73,1,1,1,2,1,5,2,1,0,0,1,1,1,0
74,1,1,1,3,1,5,2,0,0,0,1,1,1,0
75,1,1,1,3,1,5,2,1,0,0,0,1,2,0
76,1,1,1,3,1,5,3,0,0,0,1,0,1,0
77,1,1,1,2,1,5,2,1,0,0,1,1,1,0
78,1,1,1,3,0,3,2,0,0,0,1,1,1,0
79,1,1,1,2,1,3,2,0,0,0,1,0,3,0
80,1,1,0,3,1,5,2,0,0,0,1,0,1,0
81,1,1,1,2,1,5,2,0,0,0,1,1,2,0
82,1,1,1,3,1,5,3,0,0,0,0,1,1,0
83,1,1,1,2,1,5,4,1,0,0,1,0,1,0
84,1,1,1,3,1,5,4,1,0,0,1,1,1,0
85,1,1,1,2,1,5,3,1,0,0,1,1,1,0
86,1,1,1,2,1,3,1,0,0,0,0,1,2,0
87,1,1,1,3,1,3,3,1,0,0,1,0,2,0
88,1,1,1,2,1,3,4,0,0,0,0,0,1,0
89,1,1,1,3,1,5,2,1,0,0,1,1,1,0
90,1,1,1,3,1,5,2,1,0,0,1,0,1,0
91,1,1,1,0,1,5,2,1,0,0,0,0,2,0
92,1,1,1,2,1,5,1,1,0,0,1,0,1,0
93,1,1,1,0,1,5,2,1,0,0,1,0,1,0
94,1,1,0,3,0,5,1,0,0,0,1,1,1,0
95,1,1,1,3,1,5,3,1,0,0,0,1,3,0
96,1,1,1,2,1,3,2,0,0,0,1,0,2,0
97,1,1,1,3,1,5,1,1,0,0,1,0,1,0
98,1,1,1,3,1,5,3,1,0,0,0,1,2,0
99,1,1,0,3,1,5,3,0,0,0,1,0,2,0
100,1,1,1,2,1,5,2,0,0,0,1,0,1,0
101,1,1,1,2,1,5,1,0,0,0,1,0,1,0
102,1,1,1,3,1,5,1,0,0,0,0,0,1,0
103,1,1,1,2,1,5,2,0,0,0,1,0,3,0
104,1,1,1,3,1,3,2,0,0,0,0,1,2,0
105,1,1,1,3,1,5,5,1,0,0,1,1,2,0
106,1,1,1,2,1,5,3,1,0,0,1,1,3,0
107,1,1,1,3,1,5,2,0,0,0,1,1,1,0
108,1,1,1,2,1,3,3,0,0,0,1,0,1,0
109,1,1,1,3,1,3,2,0,0,0,1,1,1,0
110,1,1,1,3,1,5,1,1,0,0,0,1,1,0
111,1,1,1,3,1,5,1,1,0,0,1,0,1,0
112,1,1,1,3,1,5,3,1,0,0,1,0,1,0
113,1,1,1,2,1,5,2,0,0,0,1,0,1,0
114,1,1,1,3,1,3,5,1,0,0,0,0,1,0
115,1,1,1,2,1,5,2,0,0,0,1,0,2,0
116,1,1,1,3,1,3,2,1,0,0,0,1,1,0
117,1,1,1,3,1,5,5,1,0,0,1,1,2,0
118,1,1,1,3,1,5,2,1,0,0,0,1,1,0
119,1,1,1,2,1,5,4,1,0,0,1,0,1,0
120,1,1,1,3,1,5,3,1,0,0,1,1,1,0
121,1,1,1,3,1,5,2,1,0,0,1,1,1,0
122,1,1,1,3,1,5,2,1,0,0,1,0,1,0
123,1,1,1,2,1,3,2,0,0,0,1,1,2,0
124,1,1,1,0,1,5,2,1,0,0,0,0,1,0
125,1,1,1,2,1,5,1,1,0,0,1,0,1,0
126,1,1,1,2,1,5,2,1,0,0,0,1,1,0
127,1,1,1,3,1,5,1,0,0,0,1,1,1,0
128,1,1,1,3,1,3,2,1,0,0,0,1,1,0
129,1,1,1,3,1,2,2,1,0,0,0,1,1,0
130,1,1,1,3,1,3,2,1,0,0,1,0,1,0
131,1,1,1,2,1,2,4,0,0,0,0,0,2,0
132,1,1,1,0,1,5,2,1,0,0,1,1,1,0
133,1,1,1,1,1,5,2,0,0,0,1,0,1,0
134,1,1,1,0,1,3,3,1,0,0,0,0,1,0
135,1,1,1,3,1,3,3,0,0,0,1,0,1,0
136,1,1,1,2,1,3,2,0,0,0,1,1,1,0
137,1,1,1,3,1,5,3,1,0,0,0,1,1,0
138,1,1,1,2,1,3,2,1,0,0,1,1,1,0
139,1,1,1,2,1,5,2,0,0,0,1,0,1,0
140,1,1,1,2,1,5,4,0,0,0,0,0,1,0
141,1,1,1,3,1,5,1,0,0,0,1,0,1,0
142,1,1,1,2,1,5,2,1,0,0,1,1,2,0
143,1,1,1,0,1,2,2,1,0,0,1,0,1,0
144,1,1,1,0,1,5,2,1,0,0,0,1,1,0
145,1,1,1,1,1,5,5,0,0,0,0,1,1,0
146,1,1,1,2,1,3,1,1,0,0,1,0,1,0
147,1,1,1,3,1,3,2,0,0,0,1,0,1,0
148,1,1,1,2,1,3,1,0,0,0,1,1,1,0
149,1,1,1,3,1,5,3,0,0,0,1,0,2,0
150,1,1,1,2,1,5,2,1,0,0,1,0,1,0
151,1,1,1,2,0,3,3,0,0,0,1,1,3,0
152,1,1,1,3,1,3,1,1,0,0,0,1,1,0
153,1,1,1,0,1,5,3,0,0,1,1,1,1,0
154,1,1,1,3,1,2,3,1,0,1,0,1,2,0
155,1,1,1,3,1,5,4,0,0,0,1,0,1,0
156,1,1,1,2,1,3,2,0,0,0,1,1,2,0
157,1,1,1,3,1,5,1,1,0,1,1,0,3,0
158,1,1,1,3,1,5,3,1,0,1,0,1,1,0
159,1,1,1,2,1,3,2,1,0,1,1,1,1,0
160,1,1,1,0,1,5,2,1,0,1,0,1,1,0
161,1,1,1,1,1,5,3,1,0,1,1,0,1,0
162,1,1,1,3,1,1,2,1,0,1,1,0,1,0
163,1,1,1,2,1,2,2,1,0,1,0,1,1,0
164,1,1,0,3,1,5,2,0,0,0,1,0,1,0
165,1,1,0,1,1,5,3,0,0,0,0,0,2,0
166,1,1,1,1,1,2,3,0,0,0,1,0,1,0
167,1,1,1,0,1,2,2,0,0,0,0,1,1,0
168,1,1,1,3,1,5,2,1,0,0,0,1,1,0
169,1,1,1,2,1,3,3,0,0,0,0,1,2,0
170,1,1,1,3,1,5,3,0,0,0,0,1,1,0
171,1,1,1,3,1,5,4,0,0,0,0,1,2,0
172,1,1,1,3,1,3,2,0,0,0,0,1,1,0
173,1,1,1,3,1,2,3,0,0,0,0,1,1,0
174,1,1,1,2,1,5,3,0,0,0,0,1,1,0
175,1,1,1,2,1,2,4,0,0,0,0,0,3,0
176,1,1,1,3,1,2,2,0,0,0,1,1,1,0
177,1,1,1,2,1,2,3,0,0,0,1,1,3,0
178,1,1,1,2,1,2,3,0,0,0,0,0,5,0
179,1,1,1,3,1,1,2,0,0,0,0,1,3,0
180,1,1,1,3,1,5,3,0,0,0,0,1,3,0
181,1,1,1,0,1,5,2,0,0,0,0,1,2,0
182,1,1,1,3,1,3,1,0,0,0,0,1,2,0
183,1,1,1,3,1,5,3,0,0,0,0,1,2,0
184,1,1,1,3,1,3,2,0,0,0,0,1,1,0
185,1,1,1,0,1,5,3,0,0,0,0,0,1,0
186,1,1,1,3,1,5,3,0,0,0,0,1,1,0
187,1,1,1,2,1,5,4,0,0,0,0,1,2,0
188,1,1,1,3,1,5,4,0,0,0,0,0,4,0
189,1,1,1,1,1,5,1,0,0,0,0,1,1,0
190,1,1,1,3,1,5,3,0,0,0,0,1,3,0
191,1,1,1,2,1,2,4,0,0,0,0,0,1,0
192,1,1,1,3,1,5,2,0,0,0,0,1,1,0
193,1,1,1,3,1,5,3,0,0,0,0,0,1,0
194,1,1,1,2,1,5,3,0,0,0,0,1,3,0
195,1,1,1,1,1,4,3,0,0,0,0,1,3,0
196,1,1,1,2,1,3,3,0,0,0,0,1,2,0
197,1,1,1,2,1,4,5,0,0,0,0,1,1,0
198,1,1,1,3,1,2,3,0,0,0,0,1,3,0
199,1,1,1,2,1,1,2,0,0,0,0,1,2,0
200,1,1,1,2,1,3,5,0,0,0,0,1,3,0
201,1,1,1,0,1,4,5,0,0,0,0,1,1,0
202,1,1,1,2,0,3,4,0,0,0,0,1,1,0
203,1,1,1,2,1,2,2,0,0,0,0,1,1,0
204,1,1,1,1,0,4,3,0,0,0,0,1,2,0
205,1,1,1,3,1,2,3,0,0,0,0,1,2,0
206,1,1,1,2,1,3,3,0,0,0,0,1,3,0
207,1,1,1,3,1,3,3,0,0,0,0,1,3,0
208,1,1,1,2,1,3,3,0,0,0,0,1,3,0
209,1,1,1,3,1,5,3,0,0,0,0,1,4,0
210,1,1,1,2,1,4,1,0,0,0,0,1,3,0
211,1,1,1,2,1,3,4,0,0,0,0,1,1,0
212,1,1,1,0,1,2,2,0,0,0,0,1,2,0
213,1,1,1,3,1,5,2,0,0,0,0,1,2,0
214,1,1,1,2,1,4,3,0,0,0,0,1,1,0
215,1,1,1,2,1,5,3,0,0,0,0,1,3,0
216,1,1,1,2,1,3,2,0,0,0,0,1,1,0
217,1,1,1,3,1,4,3,0,0,0,0,1,1,0
218,1,1,1,2,1,5,3,0,0,0,0,1,3,0
219,1,1,1,3,1,4,3,0,0,0,0,1,3,0
220,1,1,1,3,1,4,4,0,0,0,0,1,5,0
221,1,1,1,1,1,4,1,0,0,0,0,1,2,0
222,1,1,1,0,1,4,3,0,0,0,0,1,2,0
223,1,1,1,2,1,2,4,0,0,0,0,0,3,0
224,1,1,1,0,0,4,2,0,0,0,0,1,1,0
225,1,1,1,3,1,4,2,0,0,0,0,1,2,0
226,1,1,1,2,1,4,2,0,0,0,0,1,1,0
227,1,1,1,3,1,3,2,0,0,0,0,1,3,0
228,1,1,1,2,0,4,1,0,0,0,0,1,3,0
229,1,1,1,0,0,4,3,0,0,0,0,1,3,0
230,1,1,1,2,0,3,2,0,0,0,0,1,1,0
231,1,1,1,0,1,2,3,0,0,0,0,1,2,0
232,1,1,0,3,0,3,1,0,0,0,0,1,3,0
233,1,1,1,0,1,4,3,0,0,0,0,1,3,0
234,1,1,1,3,1,4,3,0,0,0,0,1,3,0
235,1,1,1,2,1,3,3,0,0,0,0,1,2,0
236,1,1,1,2,1,3,2,0,0,0,0,1,1,0
237,1,1,1,0,0,4,3,0,0,0,0,1,2,0
238,1,1,1,3,1,3,3,0,0,0,0,1,1,0
239,1,1,0,2,0,4,3,0,0,0,0,1,3,0
240,1,1,1,3,1,5,3,0,0,0,0,1,1,0
241,1,1,1,2,1,5,3,0,0,0,0,1,1,0
242,1,1,1,2,1,2,3,0,0,0,0,1,2,0
243,1,1,1,0,1,3,2,0,0,0,0,1,2,0
244,1,1,1,3,1,3,4,0,0,0,0,1,3,0
245,1,1,1,0,1,2,3,0,0,0,0,1,2,0
246,1,1,1,0,1,5,5,0,0,0,0,1,1,0
247,1,1,1,3,1,5,3,0,0,0,0,1,2,0
248,1,1,1,2,1,3,3,0,0,0,0,1,3,0
249,1,1,1,2,1,5,3,0,0,0,0,1,3,0
250,1,1,1,2,1,3,3,0,0,0,0,1,3,0
251,1,1,1,3,1,2,3,0,0,0,0,1,3,0
252,1,1,1,2,1,2,4,0,0,0,0,0,3,0
253,1,1,1,3,1,5,3,0,0,0,0,1,1,0
254,1,1,1,2,1,3,2,0,0,0,0,1,1,0
255,1,1,1,2,1,4,4,0,0,0,0,1,1,0
256,1,1,1,1,0,4,1,0,0,0,0,1,1,0
257,1,1,1,3,1,3,1,0,0,0,0,1,2,0
258,1,1,1,2,1,2,4,0,0,0,0,0,3,0
259,1,1,1,3,1,3,3,0,0,0,0,0,1,0
260,1,1,1,3,1,5,2,0,0,0,0,1,2,0
261,1,1,1,2,1,5,3,0,0,0,0,1,3,0
262,1,1,1,3,1,3,2,0,0,0,0,1,2,0
263,1,1,1,2,1,4,1,0,0,0,0,1,2,0
264,1,1,1,0,1,4,3,0,0,0,0,1,2,0
265,1,1,1,0,1,5,3,0,0,0,0,1,1,0
266,1,1,1,3,0,4,1,0,0,0,0,1,1,0
267,1,1,1,3,1,4,4,0,0,0,0,1,5,0
268,1,1,1,1,0,4,1,0,0,0,0,1,1,0
269,1,1,1,2,0,3,4,0,0,0,0,1,1,0
270,1,1,1,3,0,4,2,0,0,0,0,1,1,0
271,1,1,1,0,1,2,2,0,0,0,0,1,1,0
272,1,1,1,0,1,4,2,0,0,0,0,1,1,0
273,1,1,1,2,1,4,2,0,0,0,0,1,2,0
274,1,1,1,3,1,3,2,0,0,0,0,1,2,0
275,1,1,1,2,0,4,3,0,0,0,0,1,2,0
276,1,1,1,2,1,3,2,0,0,0,0,1,1,0
277,1,1,1,0,1,5,1,0,0,0,0,1,1,0
278,1,1,1,3,1,4,3,0,0,0,0,1,3,0
279,1,1,1,2,1,4,1,0,0,0,0,1,2,0
280,1,1,1,2,1,4,2,0,0,0,0,1,3,0
281,1,1,1,3,1,3,2,0,0,0,0,1,2,0
282,1,1,1,2,1,5,2,0,0,0,0,1,3,0
283,1,1,1,2,1,3,3,0,0,0,0,1,2,0
284,1,1,1,3,1,4,3,0,0,0,0,1,3,0
285,1,1,1,3,0,3,2,0,0,0,0,1,2,0
286,1,1,1,3,0,4,2,0,0,0,0,1,1,0
287,1,1,1,3,0,5,3,0,0,0,0,1,2,0
288,1,1,1,2,1,4,3,0,0,0,0,1,2,0
289,1,1,1,2,0,3,2,0,0,0,0,1,1,0
290,1,1,1,2,0,2,1,0,0,0,0,1,3,0
291,1,1,1,2,1,3,3,0,0,0,0,1,2,0
292,1,1,1,3,1,3,5,0,0,0,0,1,2,0
293,1,1,1,3,1,4,5,0,0,0,0,1,2,0
294,1,1,1,3,1,4,3,0,0,0,0,1,1,0
295,1,1,1,2,1,5,4,0,0,0,0,1,2,0
296,1,1,1,0,1,4,4,0,0,0,0,1,1,0
297,1,1,1,2,1,4,2,0,0,0,0,1,2,0
298,1,1,1,2,0,4,3,0,0,0,0,1,1,0
299,1,1,1,3,1,5,2,0,0,0,0,1,1,0
300,1,1,1,0,1,5,2,0,0,0,0,1,1,0
301,1,1,1,2,0,4,3,0,0,0,0,1,1,0
302,1,1,1,0,1,4,2,0,0,0,0,1,1,0
303,1,1,1,3,1,4,1,0,0,0,0,1,1,0
304,1,1,1,2,0,4,3,0,0,0,0,1,2,0
305,1,1,1,2,0,3,1,0,0,0,0,1,1,0
306,1,1,1,2,0,3,3,0,0,0,0,1,3,0
307,1,1,1,3,1,4,2,0,0,0,0,1,3,0
308,1,1,1,1,1,3,2,0,0,0,0,1,2,0
309,1,1,1,0,1,3,3,0,0,0,0,1,2,0
310,1,1,1,2,0,3,4,0,0,0,0,1,1,0
311,1,1,1,2,0,4,2,0,0,0,0,1,2,0
312,1,1,1,2,1,3,2,0,0,0,0,1,1,0
313,1,1,1,3,1,2,3,0,0,0,0,1,3,0
314,1,1,1,3,1,5,3,0,0,0,0,1,1,0
315,1,1,1,2,0,3,3,0,0,0,0,1,3,0
316,1,1,1,2,1,2,2,0,0,0,0,1,1,0
317,1,1,1,3,1,3,3,0,0,0,0,1,3,0
318,1,1,1,2,1,2,4,0,0,0,0,1,3,0
319,1,1,1,3,1,3,2,1,0,1,0,1,1,0
320,1,1,1,2,1,4,1,1,0,1,1,1,1,0
321,1,1,1,3,1,5,2,1,0,1,1,1,1,0
322,1,1,1,3,1,5,3,1,0,1,0,1,1,0
323,1,1,1,0,1,3,2,1,0,1,0,1,2,0
324,1,1,1,2,0,3,3,0,0,0,0,0,1,0
325,1,1,1,2,0,2,3,0,0,1,1,1,3,0
326,1,1,1,0,1,5,5,1,0,1,0,1,1,0
327,1,1,1,2,0,3,3,0,0,0,1,1,3,0
328,1,1,1,3,1,5,3,1,0,1,0,1,2,0
329,1,1,1,3,1,5,3,0,0,1,0,1,1,0
330,1,1,1,0,1,3,3,1,0,1,0,1,2,0
331,1,1,1,2,1,2,4,0,0,0,0,0,3,0
332,1,1,1,3,1,5,3,1,0,1,1,1,2,0
333,1,1,1,2,0,3,2,1,0,0,0,1,3,0
334,1,1,1,0,1,2,3,1,0,1,1,1,3,0
335,1,1,1,1,0,4,1,0,0,0,0,1,1,0
336,1,1,1,3,0,3,2,0,0,1,0,1,1,0
337,1,1,1,2,0,4,3,1,0,1,0,1,1,0
338,1,1,0,3,1,3,3,0,0,0,0,0,1,0
339,1,1,1,1,0,2,2,1,0,1,1,1,1,0
340,1,1,1,2,0,5,3,0,0,1,1,1,3,0
341,1,1,1,2,1,3,3,1,1,1,1,0,4,0
342,1,1,1,2,1,3,3,0,1,0,1,1,2,0
343,1,1,1,1,0,4,4,1,0,0,0,1,1,0
344,1,1,1,3,1,3,3,1,0,0,0,1,1,0
345,1,1,1,3,1,2,3,0,0,1,0,0,2,0
346,1,1,1,0,1,5,3,0,0,1,1,1,1,0
347,1,1,1,3,1,4,1,1,0,1,1,1,1,0
348,1,1,1,3,1,5,3,1,0,1,0,1,1,0
349,1,1,1,2,1,1,3,1,0,0,0,1,3,0
350,1,1,1,1,1,4,3,1,0,1,1,1,3,0
351,1,1,1,2,1,2,4,0,1,0,0,0,3,0
352,1,1,1,2,0,1,4,0,0,0,0,0,1,0
353,1,1,1,2,0,2,2,1,0,1,0,1,2,0
354,1,1,1,0,1,2,3,1,0,0,0,1,2,0
355,1,1,1,1,1,2,5,0,1,0,0,1,1,0
356,1,1,1,2,1,3,4,0,0,0,0,1,1,0
357,1,1,1,2,1,3,3,1,1,1,0,1,2,0
358,1,1,1,3,1,4,1,1,0,1,0,1,1,0
359,1,1,1,3,0,4,2,1,0,1,0,1,3,0
360,1,1,1,0,1,4,1,1,0,0,1,0,1,0
361,1,1,1,3,1,3,5,1,0,1,0,1,2,0
362,1,1,1,2,1,4,2,0,0,0,1,0,1,0
363,1,1,1,3,1,3,2,1,0,1,0,1,1,0
364,1,1,1,3,1,4,5,1,0,1,1,1,2,0
365,1,1,1,0,1,5,3,0,0,1,0,1,1,0
366,1,1,0,2,0,4,3,1,0,0,1,1,2,0
367,1,1,1,1,0,4,1,0,0,0,0,1,1,0
368,1,1,1,3,0,3,1,0,0,1,0,1,2,0
369,1,1,1,2,0,4,3,1,0,1,0,1,1,0
370,1,1,1,2,1,2,4,0,1,0,0,0,3,0
371,1,1,1,3,1,3,3,0,0,0,0,0,1,0
372,1,1,1,0,0,4,2,1,0,0,1,1,2,0
373,1,1,1,3,0,2,2,1,0,1,1,1,1,0
374,1,1,1,3,1,1,3,1,0,1,0,1,1,0
375,1,1,1,3,1,2,3,1,0,1,1,1,5,0
376,1,1,1,2,1,1,2,0,0,0,1,1,1,0
377,1,1,1,1,1,4,4,1,0,0,0,1,5,0
378,1,1,1,2,0,3,1,0,0,1,1,1,1,0
379,1,1,1,3,0,4,3,1,0,0,0,1,3,0
380,1,1,1,3,1,2,3,0,0,0,0,1,3,0
381,1,1,1,3,0,3,1,1,0,1,0,1,2,0
382,1,1,1,2,0,2,3,0,0,0,0,1,3,0
383,1,1,1,2,1,3,2,1,0,1,0,1,1,0
384,1,1,1,3,1,3,1,1,0,1,1,1,1,0
385,1,1,1,3,0,4,3,1,0,1,1,1,3,0
386,1,1,1,3,1,4,4,1,0,0,1,1,1,0
387,1,1,1,2,0,3,1,0,0,1,0,1,2,0
388,1,1,1,2,0,5,1,0,0,0,0,1,1,0
389,1,1,1,3,1,2,3,0,0,1,0,1,2,0
390,1,1,1,2,0,4,3,1,0,1,0,1,1,0
391,1,1,1,2,0,5,3,0,0,0,0,0,1,0
392,1,1,1,2,0,3,2,0,0,0,1,1,2,0
393,1,1,1,0,0,4,3,0,0,1,1,1,1,0
394,1,1,1,3,1,3,2,0,0,0,1,1,1,0
395,1,1,1,2,0,4,3,0,0,1,1,1,1,0
396,1,1,1,2,0,4,3,0,1,1,1,1,2,0
397,1,1,1,2,1,2,3,0,1,1,0,1,2,0
398,1,1,1,1,1,4,5,0,1,0,0,0,3,0
399,1,1,1,1,0,4,2,1,0,1,0,1,2,0
400,1,1,1,3,0,3,5,0,0,1,1,1,1,0
401,1,1,1,3,1,4,3,1,0,0,0,1,3,0
402,1,1,1,2,0,4,3,0,0,1,1,1,3,0
403,1,1,1,3,1,2,3,0,0,1,0,1,2,0
404,1,1,1,2,1,3,2,0,1,0,1,1,1,0
405,1,1,1,1,1,3,3,1,0,1,1,1,3,0
406,1,1,1,2,0,3,4,0,0,0,0,0,1,0
407,1,1,1,2,0,1,2,1,0,1,1,1,1,0
408,1,1,1,2,1,2,2,0,0,0,1,0,1,0
409,1,1,1,2,1,5,3,1,0,1,1,1,1,0
410,1,1,1,1,0,4,2,0,0,1,1,1,2,0
411,1,1,1,0,1,5,3,1,0,1,0,1,1,0
412,1,1,1,0,1,5,3,0,0,1,0,1,1,0
413,1,1,1,2,1,5,2,1,1,1,1,1,1,0
414,1,1,1,0,1,5,2,1,1,1,0,1,2,0
415,1,1,1,3,1,4,1,1,0,1,0,1,3,0
416,1,1,1,0,1,3,1,1,1,1,1,0,2,0
417,1,1,1,3,1,4,3,1,0,1,1,2,2,0
418,1,1,1,3,0,4,3,0,0,0,1,0,3,0
419,1,1,1,3,1,5,3,1,0,1,0,1,1,0
420,1,1,1,2,1,4,1,1,1,1,1,0,2,0
421,1,1,1,2,0,5,3,0,0,1,1,1,3,0
422,1,1,1,2,1,5,5,1,1,1,0,1,1,0
423,1,1,1,2,1,3,2,0,1,0,1,1,1,0
424,1,1,1,0,1,3,3,1,1,0,0,2,2,0
425,1,1,1,2,0,3,4,0,0,0,0,0,1,0
426,1,1,1,0,0,4,2,1,0,1,1,1,2,0
427,1,1,1,2,0,4,2,1,0,1,1,1,1,0
428,1,1,1,2,0,3,2,1,0,0,0,1,3,0
429,1,1,1,2,1,3,2,0,1,1,1,1,1,0
430,1,1,1,3,1,4,3,1,0,1,1,1,3,0
431,1,1,1,2,1,4,4,1,0,0,0,1,1,0
432,1,1,1,3,0,3,1,0,0,0,0,1,1,0
433,1,1,1,1,0,4,1,0,0,0,0,2,1,0
434,1,1,1,3,0,3,1,0,0,1,0,2,1,0
435,1,1,1,2,0,4,3,1,0,1,0,1,1,0
436,1,1,1,3,1,4,3,0,0,0,0,0,1,0
437,1,1,0,0,0,4,2,1,0,1,1,1,1,0
438,1,1,1,3,0,2,2,1,0,1,0,1,1,0
439,1,1,1,3,1,5,2,1,0,1,1,0,1,0
440,1,1,1,2,0,2,3,0,0,1,0,1,3,0
441,1,1,1,3,1,5,2,1,0,0,0,1,1,0
442,1,1,1,3,1,2,3,1,0,1,1,1,3,0
443,1,1,1,2,1,4,2,0,0,0,1,1,2,0
444,1,1,1,1,1,5,4,1,0,0,0,1,1,0
445,1,1,1,2,0,3,3,1,0,1,0,1,1,0
446,1,1,1,0,1,2,3,0,0,0,0,0,2,0
447,1,1,1,3,0,3,1,1,0,1,1,1,3,0
448,1,0,1,3,1,2,3,1,0,0,1,2,3,0
449,1,0,1,2,0,3,3,0,0,0,0,0,2,0
450,1,1,0,2,0,5,4,0,1,1,0,1,3,0
451,1,0,1,2,1,3,2,0,1,0,1,1,1,0
452,1,1,1,0,0,2,3,1,0,0,1,0,2,0
453,1,1,1,3,1,5,3,1,0,1,0,1,1,0
454,1,0,1,2,0,3,3,1,1,0,1,1,3,0
455,1,0,1,3,0,5,3,0,0,1,1,1,3,0
456,1,0,1,2,1,2,5,1,1,0,0,2,1,0
457,1,0,1,2,1,2,2,1,1,0,1,1,2,0
458,1,0,1,2,0,3,5,0,0,0,0,0,1,0
459,1,0,0,0,0,4,2,1,0,1,0,2,1,0
460,1,1,1,2,0,3,5,0,0,1,1,1,3,0
461,1,1,1,3,1,5,3,1,0,1,0,2,1,0
462,1,0,1,2,0,5,3,0,0,1,1,1,3,0
463,1,0,1,2,1,3,3,1,0,1,0,2,2,0
464,1,0,1,2,0,3,4,0,0,0,0,0,1,0
465,1,0,0,0,0,4,2,1,0,1,1,0,3,0
466,1,1,1,2,0,4,2,1,0,1,1,1,2,0
467,1,1,0,1,0,4,3,0,0,0,0,0,3,0
468,1,1,1,3,1,5,6,1,0,0,0,1,2,0
469,1,0,1,0,1,4,2,1,0,1,0,2,2,0
470,1,0,1,3,1,4,3,0,0,1,1,0,2,0
471,1,1,1,3,0,3,2,0,0,1,1,1,3,0
472,1,0,1,3,0,4,4,1,0,1,1,1,1,0
473,1,1,1,2,0,3,2,0,0,0,1,1,2,0
474,1,0,1,0,1,2,4,1,0,1,0,1,1,0
475,1,1,1,3,1,5,3,1,0,1,0,2,1,0
476,1,1,0,3,0,4,3,0,0,1,0,1,3,0
477,1,0,1,2,1,1,6,1,0,0,0,2,4,0
478,1,0,0,2,0,2,2,0,1,0,1,1,1,0
479,1,0,1,2,0,1,4,0,0,0,0,0,1,0
480,1,1,1,2,0,2,2,1,0,1,0,1,2,0
481,1,1,0,1,0,5,3,0,0,0,0,0,2,0
482,1,1,0,2,0,4,3,0,1,1,1,1,3,0
483,1,1,1,0,1,2,6,1,0,0,0,1,2,0
484,1,0,1,2,1,3,4,0,0,0,0,2,1,0
485,1,1,0,3,0,2,2,0,1,0,1,1,1,0
486,1,1,1,3,1,4,1,1,0,1,0,1,1,0
487,1,0,0,0,1,5,1,0,1,0,1,2,1,0
488,1,1,0,3,0,5,3,1,1,1,1,0,1,0
489,1,0,1,0,0,4,2,1,0,1,0,1,3,0
490,1,0,1,0,1,4,1,1,0,0,1,0,1,0
491,1,0,1,3,1,3,5,1,0,1,0,2,2,0
492,1,1,1,0,1,4,2,0,0,0,1,0,1,0
493,1,0,1,2,0,5,3,0,0,1,1,1,3,0
494,1,0,1,0,1,3,3,1,1,1,0,2,2,0
495,1,0,1,3,1,4,1,1,0,0,0,1,1,0
496,1,0,1,2,0,4,2,1,0,1,1,1,3,0
497,1,0,1,3,1,3,5,0,0,1,0,2,2,0
498,1,1,1,2,0,4,2,0,0,0,1,0,3,0
499,1,0,1,3,1,3,2,1,0,1,0,1,1,0
500,1,0,1,3,1,4,5,1,0,1,1,1,2,0
501,1,0,1,0,1,5,3,0,0,1,1,0,1,0
502,1,0,1,2,0,4,3,1,0,0,1,1,2,0
503,1,0,1,3,1,4,1,1,0,1,1,1,1,0
504,1,0,1,2,1,4,4,1,0,1,1,1,1,0
505,1,0,1,1,0,4,1,0,0,0,0,1,1,0
506,1,0,1,2,0,4,1,0,0,1,0,1,2,0
507,1,0,1,2,0,3,4,0,0,0,0,0,1,0
508,1,0,1,2,0,3,4,0,0,0,0,0,1,0
509,1,0,1,3,0,4,2,1,0,1,1,1,1,0
510,0,0,1,3,1,5,2,1,0,1,1,0,1,0
511,1,0,1,2,0,4,2,0,0,0,1,1,2,0
512,1,0,1,0,1,2,2,1,0,1,0,2,1,0
513,0,0,1,2,1,4,1,0,0,0,0,1,2,0
514,1,0,1,2,1,4,2,1,0,0,0,1,1,0
515,1,1,1,3,1,4,1,0,0,0,1,1,1,0
516,1,0,1,0,1,4,3,1,0,1,0,2,2,0
517,0,0,1,0,1,5,2,1,0,1,0,2,1,0
518,1,0,1,0,1,2,2,1,0,1,0,2,2,0
519,1,1,1,1,0,4,1,0,0,0,0,1,1,0
520,0,0,1,2,0,4,1,0,0,1,1,1,2,0
521,1,1,0,1,0,3,2,1,0,1,0,1,1,0
522,0,0,1,2,0,3,4,0,0,0,0,0,2,0
523,1,0,1,3,1,5,4,0,0,0,0,0,1,0
524,0,1,1,0,0,2,2,1,0,1,1,1,1,0
525,0,0,1,3,1,5,2,1,0,1,1,1,1,0
526,0,0,1,2,0,4,2,0,0,0,1,1,2,0
527,1,1,1,3,0,4,3,1,0,0,1,0,1,0
528,0,0,1,2,0,5,3,0,0,1,1,1,3,0
529,1,1,1,3,1,2,2,0,0,1,0,1,1,0
530,1,0,1,2,1,4,4,0,1,0,0,1,1,0
531,0,0,1,3,1,4,3,1,0,1,1,1,3,0
532,0,0,1,2,1,3,4,0,0,0,1,0,1,0
533,0,1,1,3,0,3,1,0,0,0,0,1,1,0
534,1,0,1,1,0,4,4,1,0,1,1,1,1,0
535,0,0,1,3,0,4,3,0,0,1,0,0,2,0
536,0,0,1,3,1,4,2,0,0,1,0,1,1,0
537,0,0,1,2,1,2,4,0,1,0,0,0,2,0
538,0,0,1,3,0,4,4,0,0,0,1,0,1,0
539,0,0,0,0,0,4,2,0,0,1,0,1,2,0
540,0,0,1,3,0,4,2,1,0,1,1,1,3,0
541,1,0,1,2,0,4,6,1,0,1,1,1,2,0
542,1,0,1,2,1,3,4,0,0,1,1,1,1,0
543,1,0,1,2,1,4,3,1,0,1,1,2,2,0
544,1,0,1,3,1,3,5,1,1,0,0,1,2,0
545,1,0,1,3,1,4,6,0,0,1,1,2,3,0
546,1,1,1,3,0,4,3,1,0,0,0,0,4,0
547,1,1,1,3,1,5,3,1,0,1,1,1,1,0
548,0,0,1,3,0,5,3,0,0,1,1,1,3,0
549,0,0,1,2,1,2,4,0,1,0,0,0,3,0
550,0,0,1,2,0,3,4,1,0,0,1,0,1,0
551,0,0,0,0,0,4,2,1,0,1,1,1,2,0
552,1,1,1,2,1,4,2,1,0,1,1,1,1,0
553,0,0,1,2,0,3,2,1,0,0,0,1,3,0
554,1,0,1,2,1,3,6,0,1,0,1,1,1,0
555,0,0,1,1,1,4,3,1,0,1,1,1,3,0
556,0,0,1,2,1,4,4,1,0,1,1,1,1,0
557,0,1,1,3,0,3,1,0,0,1,0,1,2,0
558,1,0,1,1,0,4,1,0,0,0,0,1,2,0
559,1,0,1,3,1,3,1,0,0,1,0,2,1,0
560,0,0,1,2,0,4,3,1,0,1,0,1,1,0
561,0,0,0,0,1,3,3,0,0,0,0,0,2,0
562,1,1,0,0,0,4,2,1,0,0,1,1,1,0
563,0,0,1,1,1,2,2,1,0,1,1,1,1,0
564,0,0,1,2,0,2,6,0,0,1,1,1,3,0
565,1,1,1,1,1,5,3,1,0,1,0,1,1,0
566,1,1,1,3,1,2,3,1,0,1,1,1,3,0
567,0,0,1,1,1,4,2,0,0,0,1,1,1,0
568,1,0,1,1,1,5,4,1,0,0,0,1,1,0
569,0,0,1,2,0,3,3,1,0,1,0,1,1,0
570,1,1,1,0,1,2,3,1,0,0,0,0,2,0
571,1,1,1,2,0,4,2,1,0,1,1,1,2,0
572,0,0,1,3,1,4,3,1,0,1,1,1,2,0
573,0,1,1,3,0,3,6,1,0,1,0,0,2,0
574,1,0,1,1,0,4,1,0,0,0,0,1,1,0
575,1,0,1,3,0,3,1,0,0,1,0,2,2,0
576,0,0,1,2,0,4,3,1,0,1,0,1,1,0
577,0,0,0,3,1,3,3,1,0,0,0,0,1,0
578,0,0,0,0,0,2,2,1,0,0,0,1,1,0
579,0,0,1,3,0,4,2,1,0,1,1,1,1,0
580,0,0,1,2,0,5,6,0,0,1,0,1,3,0
581,0,1,1,3,1,5,3,0,0,1,0,1,1,0
582,1,0,1,2,1,3,2,0,0,0,1,1,2,0
583,0,0,1,3,1,4,3,0,0,1,1,1,2,0
584,0,1,1,3,1,3,2,0,0,1,0,1,1,0
585,1,0,1,1,0,4,4,1,0,0,0,1,1,0
586,0,0,1,3,1,3,3,0,0,0,0,1,1,0
587,1,0,1,2,1,2,3,0,0,1,0,0,2,0
588,0,0,1,0,1,5,3,0,0,1,1,1,1,0
589,1,0,1,3,0,3,4,0,0,1,1,1,2,0
590,0,0,1,3,1,3,1,0,0,1,1,1,1,0
591,0,0,1,2,0,4,4,0,0,0,0,0,2,0
592,1,0,1,2,0,4,2,1,0,1,0,1,1,0
593,0,0,1,3,0,3,4,0,0,0,0,0,1,0
594,0,1,0,0,1,5,2,1,0,1,1,1,2,0
595,1,0,1,3,0,4,2,1,0,1,1,1,1,0
596,1,0,1,1,0,4,2,0,0,1,1,1,1,0
597,1,0,0,3,0,3,5,0,0,0,0,0,1,0
598,0,0,0,0,0,4,2,1,0,1,0,2,1,0
599,1,1,1,2,0,3,5,0,0,1,1,1,2,0
600,0,1,1,3,1,5,3,1,0,1,0,2,1,0
601,0,0,0,3,0,4,3,0,0,1,1,1,3,0
602,1,0,1,0,1,5,5,1,1,1,0,1,1,0
603,0,0,1,2,0,3,4,0,0,0,0,0,1,0
604,1,0,0,0,0,2,2,1,0,1,1,2,1,0
605,0,1,1,2,0,4,2,1,0,1,1,1,2,0
606,1,1,0,1,0,4,3,0,0,0,0,0,2,0
607,1,1,1,0,1,5,6,1,0,0,0,1,2,0
608,1,0,1,2,0,4,3,1,0,1,1,2,2,0
609,1,0,0,0,1,2,2,1,0,1,0,2,1,0
610,0,0,1,2,1,3,1,0,0,0,1,1,1,0
611,1,0,0,2,1,3,2,1,0,0,1,1,4,0
612,1,0,1,3,0,3,1,0,0,0,1,1,1,0
613,1,1,0,3,1,3,2,1,1,1,0,0,1,0
614,1,1,1,2,1,5,5,1,1,1,0,1,4,0
615,1,0,0,2,1,3,2,0,1,0,1,1,3,0
616,0,0,1,0,0,3,3,1,1,1,0,2,3,0
617,0,0,0,1,1,4,2,1,0,0,0,1,1,0
618,1,0,0,3,1,5,3,0,0,0,0,2,2,0
619,1,0,0,2,0,4,2,1,0,1,1,1,3,0
620,1,0,0,2,1,3,1,1,0,0,1,0,1,0
621,1,1,1,1,1,3,2,1,0,1,1,2,1,0
622,1,1,1,2,1,4,2,0,0,0,1,0,3,0
623,1,0,0,2,1,4,2,1,0,1,1,1,2,0
624,0,1,1,2,0,3,2,1,0,0,1,1,3,0
625,0,0,1,2,1,4,1,1,0,1,1,2,1,0
626,0,0,1,0,0,3,3,1,0,1,1,1,3,0
627,0,0,1,2,1,5,3,0,0,1,1,1,3,0
628,0,0,1,3,1,4,5,1,0,0,0,1,1,0
629,1,1,1,2,1,4,3,0,0,1,1,2,2,0
630,1,0,1,2,0,2,2,1,0,1,1,1,3,0
631,0,0,1,2,1,4,5,1,0,1,1,0,1,0
632,1,0,1,3,1,2,5,0,0,1,0,2,2,0
633,1,0,1,3,1,3,5,0,0,0,0,1,1,0
634,1,0,1,3,1,4,5,1,0,1,1,1,2,0
635,0,0,1,2,1,5,3,0,0,1,1,0,1,0
636,1,1,1,2,0,3,3,1,0,0,1,1,2,0
637,0,0,1,2,1,3,1,1,0,1,1,0,1,0
638,0,1,1,3,1,3,3,1,0,1,1,1,3,0
639,0,0,1,2,1,4,4,1,0,1,1,1,1,0
640,1,0,1,2,0,2,1,0,0,0,0,1,1,0
641,0,1,1,2,0,4,3,0,0,1,0,1,1,0
642,0,0,1,2,1,3,4,0,0,0,0,0,1,0
643,0,0,1,2,0,4,2,1,0,1,1,1,1,0
644,0,1,1,2,1,4,2,0,0,0,1,1,2,0
645,0,1,1,0,1,5,2,0,0,1,0,2,1,0
646,1,0,1,2,0,4,5,1,0,1,1,2,1,0
647,1,0,1,0,1,2,2,1,0,1,0,2,1,0
648,0,0,1,2,1,2,1,0,0,0,1,1,2,0
649,0,0,1,2,1,4,2,1,0,1,1,2,1,0
650,1,1,1,2,1,4,2,1,0,0,0,1,1,0
651,1,1,1,3,1,4,1,0,0,0,1,1,1,0
652,1,0,1,2,1,4,3,1,0,1,0,2,2,0
653,0,1,1,0,1,5,2,1,0,1,0,2,1,0
654,1,0,1,2,0,2,3,1,1,1,1,1,2,0
655,1,0,1,0,1,2,2,1,0,1,0,0,1,0
656,0,0,1,2,0,3,1,0,0,1,0,1,2,0
657,1,0,1,1,1,4,1,0,0,0,0,1,2,0
658,0,0,1,2,0,4,1,0,0,1,0,1,3,0
659,1,0,0,2,0,3,2,1,0,1,0,0,1,0
660,1,0,1,2,0,2,4,0,0,0,0,0,1,0
661,1,0,1,3,0,5,4,0,0,0,0,0,1,0
662,0,1,1,0,1,2,2,1,0,0,1,1,2,0
663,0,0,1,2,1,5,2,1,0,1,1,1,1,0
664,1,0,1,2,0,4,2,0,0,0,1,1,2,0
665,1,1,1,2,1,5,2,1,0,1,0,0,1,0
666,0,0,1,2,1,5,3,0,0,1,1,1,3,0
667,0,0,1,3,0,5,3,0,0,1,1,1,3,0
668,1,0,1,2,1,3,3,1,1,0,1,1,3,0
669,1,1,1,3,0,3,4,0,0,1,1,1,3,0
670,0,0,0,3,0,4,2,0,1,1,1,1,2,0
671,0,0,0,3,0,4,3,1,0,0,1,1,3,0
672,1,1,1,2,0,3,3,0,0,1,0,1,2,0
673,1,0,1,3,1,5,6,1,0,0,0,1,2,0
674,1,0,0,2,0,3,1,1,0,0,0,1,1,0
675,0,0,1,3,0,2,4,1,0,0,1,1,3,0
676,1,0,0,3,0,1,6,0,1,0,1,1,2,0
677,0,1,0,0,1,5,3,1,0,1,0,2,3,0
678,1,0,0,0,1,3,6,1,0,1,0,2,1,0
679,0,0,0,3,0,4,1,0,0,0,1,1,3,0
680,1,0,1,1,1,5,2,1,0,0,0,1,4,0
681,0,0,0,3,1,5,3,0,0,0,1,2,1,0
682,0,0,0,3,0,4,4,0,0,0,0,2,1,0
683,1,1,1,2,0,4,3,1,0,0,0,0,3,0
684,0,0,1,2,0,5,3,0,0,1,1,1,3,0
685,0,0,0,3,1,4,1,1,0,0,0,0,2,0
686,0,0,0,1,0,4,2,1,1,0,1,1,1,0
687,0,0,1,1,1,5,2,1,0,1,0,0,2,0
688,1,1,1,3,1,3,3,1,0,1,0,1,1,0
689,1,0,1,2,0,3,2,0,1,0,1,0,1,0
690,1,1,1,1,1,3,3,1,0,1,0,0,4,0
691,1,0,1,1,1,5,4,1,1,0,0,0,1,0
692,0,0,1,1,0,3,2,0,1,1,0,2,3,0
693,1,0,1,3,0,3,3,1,1,1,0,0,1,0
694,1,0,1,2,0,3,2,0,0,0,1,1,2,0
695,0,0,1,0,1,2,3,1,0,1,0,1,2,0
696,0,0,1,0,1,5,1,1,0,1,0,1,1,0
697,1,1,0,3,0,5,4,0,0,1,0,1,3,0
698,1,0,1,2,1,3,2,0,1,0,1,1,1,0
699,0,0,1,0,1,3,1,0,0,1,1,2,4,1
700,0,0,1,0,0,4,1,1,1,0,1,2,1,1
701,0,1,0,3,1,4,3,1,1,0,1,0,5,1
702,0,0,1,2,0,3,2,1,0,1,1,1,3,1
703,0,0,1,0,1,4,3,0,0,1,1,0,4,1
704,0,0,1,3,1,3,1,1,0,1,1,1,4,1
705,0,0,1,3,1,3,3,1,0,1,1,1,3,1
706,0,0,1,3,1,3,3,1,1,1,1,2,3,1
707,0,0,1,2,0,3,4,0,0,0,1,0,4,1
708,0,0,1,2,0,3,2,0,0,0,1,1,2,1
709,0,0,1,2,0,3,3,1,0,1,1,2,3,1
710,0,1,1,2,1,4,2,1,1,0,1,2,1,1
711,0,0,1,0,1,3,2,1,0,0,1,2,4,1
712,0,0,0,1,0,3,2,1,0,0,0,2,4,1
713,0,0,1,3,0,4,4,0,0,0,0,0,3,1
714,0,0,1,2,0,3,2,0,0,0,1,1,2,1
715,0,0,1,2,0,4,3,0,0,1,1,1,3,1
716,0,0,1,2,1,3,6,1,0,1,1,2,4,1
717,0,0,1,2,1,3,2,0,1,0,1,2,3,1
718,0,0,1,2,0,4,3,0,0,1,1,2,3,1
719,0,0,1,3,1,3,3,1,0,1,1,2,3,1
720,0,0,1,2,1,3,4,1,0,1,1,2,3,1
721,0,0,1,1,0,3,4,0,0,0,0,0,2,1
722,0,0,1,1,0,3,2,0,0,1,1,2,2,1
723,0,0,1,0,1,4,3,1,0,1,0,2,2,1
724,0,0,1,0,1,3,3,1,1,1,0,2,2,1
725,0,0,1,1,0,3,2,0,0,1,1,2,5,1
726,0,0,1,0,0,3,2,0,0,1,1,2,5,1
727,0,1,1,2,1,3,1,1,0,1,1,2,4,1
728,0,0,1,2,0,4,2,0,0,1,1,2,5,1
729,0,0,1,0,1,3,3,0,0,1,1,2,5,1
730,0,0,1,2,0,4,2,0,0,1,1,2,4,1
731,0,0,1,2,0,3,2,1,0,1,1,2,5,1
732,0,0,1,3,1,3,2,1,0,1,1,2,5,1
733,0,0,1,0,0,3,2,0,0,1,1,2,6,1
734,0,0,1,2,1,3,3,1,0,0,1,2,4,1
735,0,0,0,0,0,3,3,0,0,0,1,2,5,1
736,0,0,1,2,0,2,3,0,0,1,1,2,4,1
737,0,0,1,2,0,3,2,0,0,0,1,2,5,1
738,0,0,1,2,0,3,2,0,0,1,1,2,5,1
739,0,0,1,0,0,3,3,0,0,1,1,2,5,1
740,0,0,1,0,0,2,3,0,0,1,1,2,5,1
741,0,0,1,2,0,3,1,1,0,1,1,2,5,1
742,0,0,1,0,0,3,3,0,0,1,1,2,4,1
743,0,0,1,2,0,3,3,0,0,0,1,2,4,1
744,0,0,1,0,1,3,2,0,0,1,1,2,5,1
745,0,1,1,0,0,3,1,0,0,1,1,2,4,1
746,0,0,1,1,1,3,2,1,0,1,1,2,4,1
747,0,0,1,0,0,3,2,0,0,1,1,2,5,1
748,0,0,0,0,0,3,1,0,0,1,1,2,5,1
749,0,1,1,2,1,3,2,1,0,1,1,2,4,1
750,0,0,1,0,0,3,2,0,0,0,1,2,4,1
751,0,0,0,0,0,3,2,1,0,1,1,2,5,1
752,0,0,0,2,1,3,2,0,0,1,1,2,5,1
753,0,1,1,0,1,2,2,0,0,1,1,2,4,1
754,0,1,0,0,0,3,1,0,0,0,1,2,4,1
755,0,0,1,2,0,4,3,0,0,1,1,2,4,1
756,0,0,0,0,1,3,2,0,0,1,1,2,5,1
757,0,0,1,0,1,3,2,0,0,1,1,2,4,1
758,0,0,1,2,1,3,3,0,0,1,1,2,4,1
759,0,1,0,0,0,4,2,0,0,0,1,2,5,1
760,0,0,1,2,1,3,1,0,0,1,1,2,4,1
761,0,0,0,1,1,3,1,0,0,1,1,2,4,1
762,0,0,1,1,1,3,1,1,0,1,1,2,5,1
763,0,0,1,0,1,3,3,1,0,0,1,2,4,1
764,0,0,1,1,0,3,1,0,0,1,1,2,4,1
765,0,0,0,0,0,3,3,0,0,1,1,2,5,1
766,0,0,1,2,0,3,4,0,0,0,1,2,3,1
767,0,0,1,2,0,3,3,0,0,0,1,2,5,1
768,0,0,1,2,1,4,1,0,0,0,1,2,4,1
769,0,0,1,2,1,3,2,1,0,0,0,2,4,1
770,0,0,1,0,0,3,1,0,0,0,1,2,5,1
771,0,0,0,0,0,4,1,0,0,1,1,2,3,1
772,0,0,1,0,1,4,3,0,0,1,1,2,5,1
773,0,1,1,2,0,3,3,0,0,0,1,2,4,1
774,0,0,1,0,1,3,1,0,0,0,1,2,4,1
775,0,1,1,2,1,4,4,0,0,0,0,2,2,1
776,0,0,1,2,0,4,3,0,0,1,1,2,5,1
777,0,0,1,0,1,3,3,0,0,1,1,2,4,1
778,0,0,1,0,0,4,1,0,0,0,1,2,5,1
779,0,0,0,0,0,4,1,0,0,0,1,2,5,1
780,0,0,1,0,0,3,1,0,0,1,1,2,5,1
781,0,0,1,0,1,4,3,0,0,1,1,2,4,1
782,0,0,0,2,0,3,3,1,0,0,1,2,5,1
783,0,0,1,2,1,3,1,1,0,1,1,2,5,1
784,0,0,0,2,0,3,4,0,0,0,1,2,4,1
785,0,0,1,0,1,4,2,1,0,1,1,2,5,1
786,0,0,1,0,1,3,2,1,0,1,1,2,4,1
787,0,0,1,0,1,3,1,0,0,0,1,2,4,1
788,0,0,1,2,0,3,1,0,0,1,1,2,5,1
789,0,0,1,1,1,3,2,0,0,0,1,2,4,1
790,0,0,0,1,0,3,2,1,0,1,1,2,5,1
791,0,0,1,2,0,3,2,1,0,1,1,2,5,1
792,0,0,1,0,0,3,2,1,0,1,1,2,3,1
793,0,0,1,1,0,3,1,0,0,1,1,2,5,1
794,0,0,1,3,0,3,2,1,0,1,1,2,4,1
795,0,0,0,3,0,3,1,0,0,1,1,2,5,1
796,0,0,1,0,1,2,3,0,0,1,1,2,4,1
797,0,0,1,2,0,3,4,0,0,0,1,2,5,1
798,0,0,0,3,0,3,2,0,0,0,1,2,5,1
799,0,1,0,1,0,3,2,0,0,0,1,2,5,1
800,0,1,0,2,0,4,3,0,0,1,1,2,4,1
801,0,0,1,0,1,3,2,1,0,1,1,2,4,1
802,0,1,0,0,1,4,2,0,0,1,1,2,5,1
803,0,0,1,3,1,3,2,1,0,1,1,2,5,1
804,0,1,0,2,0,2,1,1,0,1,1,2,4,1
805,0,0,1,2,0,3,2,1,0,0,1,2,5,1
806,0,0,0,2,0,3,1,1,0,1,1,2,5,1
807,0,0,1,3,0,3,4,1,0,1,1,2,5,1
808,0,0,1,0,0,3,2,0,0,0,1,2,4,1
809,0,0,0,2,0,2,2,0,0,0,1,2,5,1
810,0,0,1,0,0,3,3,1,0,1,1,2,4,1
811,0,0,1,0,1,3,3,1,0,1,1,2,5,1
812,0,0,0,2,0,3,2,0,0,0,1,2,5,1
813,0,0,0,2,0,3,4,0,0,0,1,2,4,1
814,0,0,0,2,0,3,3,0,0,0,1,2,4,1
815,0,0,0,3,0,3,1,0,0,0,1,2,4,1
816,0,0,0,0,0,4,1,0,0,0,1,2,3,1
817,0,0,0,2,0,2,2,0,0,0,1,2,4,1
818,0,0,0,3,0,3,2,0,0,0,1,2,4,1
819,0,0,0,2,0,3,2,0,0,0,1,2,4,1
820,0,0,0,2,0,2,4,0,0,0,1,2,3,1
821,0,0,0,3,0,3,5,0,0,0,1,2,4,1
822,0,0,0,3,0,3,1,0,0,0,1,2,4,1
823,0,0,0,2,0,3,3,0,0,0,1,2,3,1
824,0,0,0,3,0,4,2,0,0,0,1,2,4,1
825,0,0,0,2,0,3,6,0,0,0,1,2,4,1
826,0,0,0,2,0,3,2,0,0,0,1,2,4,1
827,0,0,0,2,0,1,2,0,0,0,1,2,3,1
828,0,0,0,0,0,1,3,0,0,0,1,2,4,1
829,0,0,0,2,0,3,2,0,0,0,1,2,4,1
830,0,0,0,0,0,2,3,0,0,0,1,2,4,1
831,0,0,0,3,0,3,3,0,0,0,1,2,4,1
832,0,0,0,2,0,3,1,0,0,0,1,2,3,1
833,0,0,0,3,0,3,5,0,0,0,1,2,4,1
834,0,0,0,2,0,3,3,0,0,0,1,2,4,1
835,0,0,0,3,0,3,1,0,0,0,1,2,4,1
836,0,0,0,3,0,3,3,0,0,0,1,2,3,1
837,0,0,0,2,0,3,1,0,0,0,1,2,4,1
838,0,0,0,2,0,3,1,0,0,0,1,2,4,1
839,0,0,0,2,0,4,4,0,0,0,1,2,5,1
840,0,0,0,3,0,3,2,0,0,0,1,2,5,1
841,0,0,0,2,0,3,2,0,0,0,1,2,2,1
842,0,0,0,0,0,3,2,0,0,0,1,2,5,1
843,0,0,0,2,0,4,6,0,0,0,1,2,3,1
844,0,0,0,3,0,3,3,0,0,0,1,2,5,1
845,0,0,0,3,0,3,3,0,0,0,1,2,3,1
846,0,0,0,3,0,3,6,0,0,0,1,2,5,1
847,0,0,0,2,0,2,6,0,0,0,1,2,4,1
848,0,0,0,3,0,3,3,0,0,0,1,2,4,1
849,0,0,0,0,0,2,3,0,0,0,1,2,2,1
850,0,0,0,2,0,3,4,0,0,0,1,2,2,1
851,0,0,0,3,0,3,3,0,0,0,1,2,1,1
852,0,0,0,3,0,2,2,0,0,0,1,2,4,1
853,0,0,0,3,0,2,6,0,0,0,1,2,4,1
854,0,0,1,0,1,3,3,1,1,1,0,2,2,1
855,0,0,0,1,0,3,3,0,0,0,1,2,2,1
856,0,0,0,0,0,3,2,0,0,0,1,2,2,1
857,0,0,0,0,0,3,6,0,0,0,1,2,3,1
858,0,0,0,2,0,4,3,0,0,0,1,2,3,1
859,0,0,0,0,0,3,2,0,0,0,1,2,4,1
860,0,0,1,0,0,4,2,0,0,0,1,0,1,1
861,0,0,0,2,0,3,3,0,0,0,1,2,4,1
862,0,0,0,3,0,3,3,0,0,0,1,2,3,1
863,0,0,0,3,0,4,4,0,0,0,1,0,1,1
864,0,0,0,2,0,3,2,0,0,0,1,2,4,1
865,0,0,0,0,0,4,2,0,0,0,1,2,4,1
866,0,0,0,2,0,3,1,0,0,0,1,2,4,1
867,0,0,0,2,0,3,6,0,0,0,1,2,4,1
868,0,0,0,3,0,2,3,0,0,0,1,0,1,1
869,0,0,0,3,0,3,3,0,0,0,1,2,4,1
870,0,0,0,1,0,3,6,0,0,0,1,2,4,1
871,0,0,0,3,0,3,1,0,0,0,1,2,4,1
872,0,0,0,3,0,3,3,0,0,0,1,2,4,1
873,0,0,0,1,0,4,4,0,0,0,1,2,1,1
874,0,0,0,3,0,3,1,0,0,0,1,2,1,1
875,0,0,1,0,1,3,6,1,1,1,1,2,4,1
876,0,0,0,2,0,3,2,0,0,0,1,2,3,1
877,0,1,1,3,1,3,6,0,0,0,1,0,1,1
878,0,0,0,2,0,3,3,0,0,0,1,2,3,1
879,0,0,0,2,0,4,1,0,0,0,1,2,3,1
880,0,0,0,2,0,3,3,0,0,0,1,2,4,1
881,0,0,0,2,0,3,6,0,0,0,1,2,1,1
882,0,0,0,2,0,3,3,0,0,0,1,2,4,1
883,0,0,0,0,0,3,1,0,0,0,1,2,3,1
884,0,0,0,2,0,2,2,1,1,1,1,2,4,1
885,0,0,0,3,0,3,3,1,0,1,1,0,1,1
886,0,0,0,1,0,2,2,0,0,0,1,2,4,1
887,0,0,0,2,0,3,2,0,0,0,1,2,3,1
888,0,0,0,3,0,2,3,0,0,0,1,2,2,1
889,0,0,0,2,0,2,2,0,0,0,1,2,1,1
890,0,0,0,3,0,3,2,0,0,0,1,2,4,1
891,0,0,0,3,0,2,2,0,0,0,1,2,4,1
892,0,0,0,2,0,2,2,0,0,0,1,2,4,1
893,0,0,0,3,0,3,3,0,0,0,1,2,3,1
894,0,0,0,1,0,3,4,0,0,0,1,2,2,1
895,0,0,0,3,0,2,2,0,0,0,1,2,5,1
896,0,0,0,3,0,3,3,0,0,0,1,2,1,1
897,0,0,0,3,0,3,3,0,0,0,1,2,3,1
898,0,0,0,2,0,3,4,0,0,0,1,2,1,1
899,0,0,0,2,0,3,1,0,0,0,1,2,4,1
900,0,0,0,3,0,3,3,0,0,0,1,2,3,1
901,0,0,0,3,0,3,4,0,0,0,1,2,1,1
902,0,0,0,2,0,3,2,0,0,0,1,2,3,1
903,0,0,0,0,0,4,2,0,0,0,1,2,1,1
904,0,0,0,2,1,3,1,0,0,0,1,2,2,1
905,0,0,0,2,1,3,3,1,1,1,0,1,1,1
906,0,0,0,0,1,4,2,0,0,0,1,2,1,1
907,0,0,0,0,1,2,2,0,0,0,1,2,1,1
908,0,0,0,2,1,3,1,0,0,0,1,2,3,1
909,0,0,0,2,1,4,5,0,0,0,1,2,1,1
910,0,0,0,2,1,3,6,0,0,0,1,2,4,1
911,0,0,0,0,1,4,1,0,0,0,1,2,1,1
912,0,0,0,2,1,3,1,0,0,0,1,2,1,1
913,0,0,0,2,0,4,2,0,0,0,1,2,4,1
914,0,0,0,3,1,3,5,0,0,0,1,2,4,1
915,0,0,0,2,0,2,4,0,0,0,1,2,4,1
916,0,0,1,3,0,3,3,0,0,0,1,2,4,1
917,0,0,0,3,1,4,3,0,0,0,1,2,4,1
918,0,0,0,2,0,3,2,0,0,0,1,2,3,1
919,0,0,0,2,1,3,2,0,0,0,1,2,4,1
920,0,0,0,2,0,4,1,0,0,0,1,2,4,1
921,0,0,0,3,1,4,2,0,0,0,1,2,4,1
922,0,0,0,0,0,2,1,0,0,0,1,2,3,1
923,0,0,0,0,0,4,3,0,0,0,1,2,2,1
924,0,0,0,3,1,3,4,0,0,0,1,2,3,1
925,0,0,0,2,1,4,2,0,0,0,1,2,5,1
926,0,0,0,3,1,3,2,0,0,0,1,2,3,1
927,0,0,0,2,1,3,1,0,0,0,1,2,1,1
928,0,0,0,2,1,3,2,0,0,0,1,2,3,1
929,0,0,0,2,1,2,4,0,0,0,1,2,2,1
930,0,0,0,3,1,3,2,0,0,0,1,2,1,1
931,0,0,0,2,1,3,3,0,0,0,1,2,2,1
932,0,0,0,3,1,3,1,0,0,0,1,2,1,1
933,0,0,0,3,1,3,3,0,0,0,1,2,3,1
934,0,0,0,3,1,3,2,0,0,0,1,2,5,1
935,0,0,0,2,1,3,1,0,0,0,1,2,4,1
936,0,0,0,2,0,3,4,0,0,0,1,2,4,1
937,0,0,0,2,0,3,4,0,0,0,1,2,6,1
938,0,0,0,0,0,2,2,0,0,0,1,2,4,1
939,0,0,0,2,1,3,2,0,0,0,1,2,5,1
940,0,0,0,0,0,2,2,0,0,0,1,2,1,1
941,0,0,0,1,0,3,1,0,0,0,1,2,3,1
942,0,0,0,2,0,3,1,0,0,0,1,2,4,1
943,0,0,0,2,0,3,4,0,0,0,1,2,2,1
944,0,0,0,3,1,3,5,1,0,1,1,1,2,1
945,0,0,1,0,1,4,3,0,0,1,1,1,1,1
946,0,1,0,2,0,3,3,1,0,0,1,1,2,1
947,0,0,1,3,1,3,3,1,0,1,1,1,3,1
948,0,0,0,2,0,3,4,0,0,0,1,0,1,1
949,0,0,0,3,0,3,2,1,0,1,1,1,1,1
950,0,0,0,2,0,3,2,0,0,0,1,1,2,1
951,0,0,0,2,0,4,1,0,0,1,1,1,3,1
952,0,1,1,3,0,3,5,1,1,1,1,2,3,1
953,0,0,0,0,1,3,5,1,0,1,0,2,1,1
954,0,0,1,2,0,2,3,0,1,1,1,1,2,1
955,0,0,0,2,0,4,3,0,1,0,1,1,6,1
956,0,1,1,2,1,3,6,0,1,1,1,2,4,1
957,0,0,0,3,0,3,3,1,0,1,1,0,2,1
958,0,1,0,2,0,3,2,1,0,1,1,1,1,1
959,0,0,1,3,1,4,4,1,1,1,1,2,6,1
960,0,0,0,2,0,3,4,1,0,1,1,1,1,1
961,0,0,0,0,0,3,2,1,0,0,1,2,6,1
962,0,0,1,3,1,4,2,1,0,1,1,2,2,1
963,0,1,1,3,1,4,3,1,0,1,0,2,1,1
964,0,0,1,2,0,3,1,0,0,1,1,2,2,1
965,0,0,1,0,0,3,3,1,0,1,1,2,2,1
966,0,0,1,3,0,3,4,0,0,1,1,1,2,1
967,0,1,0,3,0,3,3,0,0,1,0,1,3,1
968,0,0,0,0,1,1,2,1,0,1,1,2,6,1
969,0,1,1,0,1,3,6,1,0,1,1,2,6,1
970,0,1,0,1,0,4,3,0,0,0,0,0,2,1
971,0,0,0,2,0,3,3,0,0,1,1,2,2,1
972,0,0,0,0,0,2,2,1,0,1,1,2,4,1
973,0,0,0,0,1,4,1,0,1,0,1,2,1,1
974,0,0,1,2,1,3,3,1,0,1,1,2,2,1
975,0,1,1,2,1,4,2,0,1,1,1,2,5,1
976,0,0,0,2,0,2,4,1,1,1,1,2,2,1
977,0,0,1,2,1,3,3,1,1,1,1,2,3,1
978,0,0,1,3,1,4,2,1,0,1,1,0,2,1
979,0,0,1,2,0,2,3,0,0,1,1,1,3,1
980,0,0,1,2,1,3,6,1,1,1,1,2,4,1
981,0,1,0,2,1,2,3,1,1,1,1,0,6,1
982,0,0,1,0,0,1,3,1,0,1,1,2,2,1
983,0,1,1,0,1,4,2,1,1,0,1,2,5,1
984,0,0,1,3,0,3,3,0,1,0,0,2,5,1
985,0,0,0,3,0,3,3,1,0,0,1,2,2,1
986,0,1,0,3,1,3,5,1,0,1,1,2,5,1
987,0,1,1,0,1,4,3,0,0,1,1,2,1,1
988,1,0,1,2,0,3,3,1,0,0,1,2,2,1
989,0,1,0,2,1,4,4,1,1,0,1,2,5,1
990,0,0,0,2,1,4,6,1,0,1,1,2,3,1
991,0,0,1,1,1,3,6,1,1,1,1,2,4,1
992,1,1,1,3,1,3,4,1,1,1,1,2,3,1
993,0,0,1,1,1,3,3,1,1,1,1,2,4,1
994,0,1,1,3,1,2,2,1,0,1,1,0,2,1
995,0,0,1,0,1,3,3,1,0,1,1,2,2,1
996,0,0,1,2,1,2,4,0,1,0,1,0,3,1
997,1,0,1,1,1,3,2,1,1,0,1,2,2,1
998,0,1,1,2,1,3,2,1,0,0,1,0,4,1
999,0,0,1,2,1,3,6,0,0,0,1,2,4,1
1000,1,0,1,2,1,3,2,0,0,1,1,2,1,1
1001,1,0,1,3,1,3,6,1,0,1,1,2,3,1
1002,1,0,1,2,1,3,6,1,1,1,1,2,4,1
1003,0,0,1,3,1,3,2,1,0,1,1,0,3,1
1004,0,0,1,3,1,3,4,1,1,1,1,2,6,1
1005,1,1,1,2,1,3,3,1,1,1,1,0,6,1
1006,0,0,1,2,0,3,1,0,0,1,1,2,5,1
1007,0,0,1,0,0,3,2,1,0,0,1,2,5,1
1008,0,0,1,0,1,1,6,1,1,1,1,2,4,1
1009,1,0,1,3,1,3,6,1,0,1,1,2,2,1
1010,1,0,1,3,1,3,6,1,0,1,1,2,5,1
1011,0,1,0,3,0,3,3,1,0,0,1,0,5,1
1012,0,1,1,0,1,2,6,1,0,1,1,2,3,1
1013,0,0,1,2,0,4,3,0,0,1,1,0,3,1
1014,0,0,0,2,1,3,6,1,1,1,1,2,4,1
1015,1,1,1,2,1,4,2,1,1,1,1,2,5,1
1016,1,0,1,0,0,3,2,1,0,0,0,1,4,1
1017,1,1,1,1,1,3,3,1,0,1,1,2,3,1
1018,1,0,0,0,1,1,2,1,0,1,1,2,2,1
1019,0,1,1,0,1,3,6,1,0,1,1,2,3,1
1020,0,0,0,0,0,3,3,0,0,1,1,2,2,1
1021,1,0,0,0,0,2,2,1,0,1,1,2,4,1
1022,0,1,1,2,1,3,6,1,1,1,1,2,4,1
1023,1,0,1,2,1,3,3,1,0,1,1,2,2,1
1024,1,1,1,2,1,4,2,0,1,1,1,2,5,1
1025,1,1,1,3,1,3,2,1,0,1,1,2,3,1
1026,0,0,1,0,0,4,1,1,1,0,1,2,4,1
1027,1,0,1,3,1,3,3,0,0,1,1,2,2,1
1028,1,1,1,2,1,4,2,1,1,1,1,2,5,1
1029,0,0,1,2,1,3,1,1,0,1,1,0,1,1
1030,0,0,1,3,1,3,4,1,1,1,1,0,5,1
1031,0,0,1,3,1,3,3,1,1,1,1,2,3,1
1032,0,0,1,0,1,4,2,1,0,1,0,2,2,1
1033,1,0,1,2,0,3,3,1,0,1,1,2,4,1
1034,0,0,1,0,1,3,2,1,0,1,1,2,4,1
1035,0,0,1,2,0,3,1,0,0,1,1,1,4,1
1036,1,1,1,0,1,4,2,1,0,1,0,2,1,1
1037,1,1,1,2,1,3,3,1,0,1,1,2,5,1
1038,1,0,1,3,1,3,4,1,0,1,1,2,3,1
1039,0,0,1,2,1,3,6,1,1,1,1,2,4,1
1040,1,0,1,3,1,3,6,0,0,1,1,2,3,1
1041,0,0,1,1,1,3,6,1,1,1,1,2,4,1
1042,0,0,1,2,1,2,3,1,1,1,1,2,3,1
1043,1,1,1,2,1,2,2,1,1,0,1,2,4,1
1044,1,0,1,1,1,4,3,0,1,1,1,2,4,1
1045,1,0,1,3,0,3,3,0,0,0,0,2,3,1
1046,0,0,1,3,1,4,2,1,0,1,1,0,3,1
1047,0,0,1,0,1,3,4,1,1,1,1,2,6,1
1048,0,0,1,2,1,3,3,1,1,1,1,2,3,1
1049,0,0,1,1,1,4,2,1,0,1,1,0,2,1
1050,1,1,1,2,1,3,3,1,1,1,1,0,6,1
1051,0,0,1,2,0,3,1,0,0,1,1,2,3,1
1052,1,0,1,1,0,3,3,1,0,1,1,2,3,1
1053,0,0,1,3,1,4,4,1,1,1,1,2,6,1
1054,0,0,1,2,1,4,6,1,0,1,1,2,5,1
1055,0,0,1,2,1,3,6,0,1,1,1,2,4,1
1056,1,1,1,2,1,3,3,1,1,1,0,0,6,1
1057,0,0,1,2,0,3,1,0,0,1,1,2,2,1
1058,1,0,1,0,0,3,6,1,0,1,1,2,2,1
1059,0,1,1,3,1,3,3,1,1,1,1,2,3,1
1060,0,0,0,3,1,4,3,1,1,1,1,2,3,1
1061,1,0,1,3,1,3,3,1,1,1,1,2,3,1
1062,0,1,1,2,1,3,2,1,1,1,1,0,3,1
1063,0,0,1,2,1,3,6,1,0,1,0,2,5,1
1064,0,0,1,1,1,3,3,1,1,1,1,2,3,1
1065,0,1,1,0,1,2,6,1,0,1,1,2,3,1
1066,0,0,1,2,0,4,3,0,0,1,1,2,3,1
1067,1,0,0,2,1,3,1,1,1,1,1,2,4,1
1068,0,1,1,1,1,3,2,1,0,1,1,2,2,1
1069,0,0,1,1,1,3,6,1,1,1,1,2,4,1
1070,0,0,1,0,1,3,2,1,1,0,1,2,4,1
1071,1,0,1,2,1,3,6,1,0,1,1,2,1,1
1072,1,0,1,2,1,3,6,1,0,1,1,2,3,1
1073,0,1,1,2,1,3,1,1,1,0,1,0,3,1
1074,0,0,1,2,0,3,6,1,1,1,1,2,4,1
1075,0,1,1,2,1,3,1,1,1,1,1,0,3,1
1076,0,1,0,3,1,3,3,1,1,0,1,0,2,1
1077,1,1,1,2,1,4,2,0,1,1,1,2,5,1
1078,1,1,1,2,1,2,2,0,0,0,1,0,3,1
1079,0,0,1,3,1,3,4,1,1,0,1,0,5,1
1080,0,0,1,3,1,3,5,1,1,0,1,2,3,1
1081,0,0,1,2,1,3,3,1,1,0,1,2,3,1
1082,0,0,1,2,1,2,3,1,0,0,1,2,5,1
1083,1,0,1,2,1,3,6,1,0,1,1,2,6,1
1084,0,0,1,3,1,3,3,1,0,1,1,2,4,1
1085,1,1,1,3,0,2,3,1,0,0,1,0,4,1
1086,1,0,0,2,0,3,6,1,1,0,1,2,4,1
1087,0,0,1,3,0,3,2,1,0,1,1,2,3,1
1088,1,0,1,3,0,3,3,0,0,1,1,2,3,1
1089,1,0,1,3,0,2,3,1,1,0,1,2,5,1
1090,1,0,0,1,0,3,2,1,0,1,1,2,3,1
1091,1,1,1,2,1,3,4,0,0,0,1,0,4,1
1092,1,0,1,1,0,4,5,1,0,1,1,1,4,1
1093,1,0,1,3,1,2,3,0,1,1,1,2,3,1
1094,1,0,0,3,1,4,5,0,0,1,1,2,3,1
1095,1,0,1,2,0,3,3,1,0,1,1,2,2,1
1096,0,1,0,0,0,3,5,1,0,1,1,2,5,1
1097,1,0,1,2,0,4,6,0,1,1,0,1,4,1
1098,1,0,0,3,0,2,6,1,1,1,1,2,4,1
1099,1,1,0,1,0,4,1,0,1,1,1,0,3,1
1100,1,0,0,3,1,3,6,1,0,1,1,2,3,1
1101,0,0,0,2,0,3,6,1,1,0,1,2,4,1
1102,1,0,1,1,0,3,3,1,0,0,1,2,3,1
1103,1,1,1,3,1,4,2,1,0,0,1,2,4,1
1104,0,1,1,2,1,3,1,1,0,0,1,0,4,1
1105,1,0,1,3,1,3,3,1,0,0,1,2,2,1
1106,0,0,1,0,1,3,2,1,1,1,1,2,4,1
1107,1,0,1,3,1,3,6,1,0,1,1,2,4,1
1108,1,0,0,2,0,3,2,0,1,1,1,2,4,1
1109,1,0,1,3,1,3,4,1,1,1,0,1,3,2
1110,0,0,1,2,0,5,4,0,1,1,0,1,3,2
1111,1,0,1,2,1,5,5,1,1,1,0,1,1,2
1112,0,0,1,2,0,3,6,1,1,1,0,1,4,2
1113,0,0,1,0,1,3,4,1,1,1,0,1,2,2
1114,0,0,1,2,1,4,4,1,1,1,0,0,1,2
1115,0,0,1,2,1,4,4,1,1,1,0,1,4,2
1116,0,0,0,2,0,2,4,1,1,0,0,1,2,2
1117,1,0,1,3,1,4,5,1,1,1,0,1,2,2
1118,0,0,1,2,0,4,4,1,1,1,0,1,2,2
1119,0,0,1,3,1,4,4,1,1,1,0,0,3,2
1120,0,0,1,2,1,4,4,1,1,0,0,1,1,2
1121,1,0,1,1,0,4,4,0,1,1,0,1,1,2
1122,0,0,1,2,0,4,4,0,1,1,0,1,2,2
1123,0,0,1,2,0,4,4,1,1,1,0,1,1,2
1124,0,0,1,3,0,4,4,1,1,1,0,1,1,2
1125,0,0,1,0,1,5,4,1,1,0,0,1,1,2
1126,1,1,1,3,1,4,4,0,1,1,0,1,1,2
1127,1,1,1,3,1,3,4,1,1,1,0,1,1,2
1128,1,0,1,2,0,4,4,1,1,1,0,1,2,2
1129,1,0,1,0,1,2,4,1,0,1,0,1,1,2
1130,1,0,1,1,0,4,4,0,0,0,0,1,1,2
1131,0,0,1,3,1,3,3,1,1,1,0,1,3,2
1132,0,0,1,2,0,3,4,0,0,1,0,0,1,2
1133,1,0,1,3,1,4,6,1,0,1,0,1,3,2
1134,0,1,1,2,1,4,3,1,1,1,0,0,3,2
1135,0,0,1,3,1,3,5,1,1,0,0,1,2,2
1136,1,0,1,3,1,4,6,1,0,1,0,1,3,2
1137,0,0,1,1,1,3,6,1,1,1,0,1,4,2
1138,0,1,1,3,0,3,3,0,0,1,0,1,2,2
1139,0,0,1,2,0,4,3,0,0,1,0,1,2,2
1140,0,0,1,3,1,3,3,1,1,0,0,1,3,2
1141,0,0,0,0,0,4,3,1,0,1,0,1,2,2
1142,1,0,1,0,1,2,3,0,0,1,0,1,2,2
1143,1,1,1,2,1,5,3,1,1,1,0,1,1,2
1144,0,0,1,3,1,4,3,1,0,1,0,1,3,2
1145,0,0,1,0,1,5,3,1,1,0,0,1,1,2
1146,0,1,1,2,1,4,5,1,1,1,0,0,1,2
1147,0,0,1,2,0,4,5,1,1,1,0,1,1,2
1148,1,0,1,3,1,4,6,1,1,1,0,0,1,2
1149,0,0,1,2,0,3,6,1,1,0,0,1,1,2
1150,1,0,1,2,1,5,6,1,1,1,0,1,1,2
1151,0,0,1,2,1,3,6,1,1,1,0,0,1,2
1152,0,0,1,1,0,4,4,1,1,1,0,0,1,2
1153,0,0,1,2,0,3,4,1,1,1,0,0,1,2
1154,0,0,0,0,0,4,6,1,1,0,0,1,1,2
1155,0,0,1,0,1,5,5,1,1,1,0,0,2,2
1156,0,0,1,1,0,4,5,1,1,1,0,1,1,2
1157,0,0,1,2,0,4,4,1,0,1,0,1,1,2
1158,0,0,1,2,1,2,4,1,1,0,0,0,2,2
1159,0,0,0,0,0,4,4,1,1,1,0,0,1,2
1160,0,0,1,1,0,2,3,1,1,1,0,0,1,2
1161,0,0,1,2,1,3,6,1,1,1,0,0,1,2
1162,0,0,1,0,0,2,5,1,1,0,0,0,2,2
1163,1,0,1,1,0,5,4,1,1,1,0,1,1,2
1164,0,0,1,2,0,3,4,1,1,1,0,1,1,2
1165,0,0,1,0,1,5,5,1,1,1,0,1,1,2
1166,1,0,1,2,0,5,5,1,1,1,0,1,1,2
1167,1,1,1,0,0,5,3,0,0,0,0,0,2,2
1168,1,0,1,0,1,4,6,1,1,1,0,0,1,2
1169,0,0,1,3,0,5,6,1,1,0,0,1,1,2
1170,0,0,1,2,0,3,6,1,1,1,0,1,1,2
1171,0,0,1,2,1,5,5,1,1,1,0,1,1,2
1172,0,1,1,2,1,2,4,1,1,1,0,0,2,2
1173,0,0,1,2,0,3,6,1,1,0,0,0,2,2
1174,1,0,1,0,1,5,5,1,1,1,0,1,1,2
1175,1,0,1,1,1,3,5,1,1,1,0,0,1,2
1176,0,0,1,2,0,3,5,1,1,1,0,0,1,2
1177,1,0,1,1,1,5,5,1,1,1,0,0,1,2
1178,1,0,1,2,0,3,6,1,1,0,0,0,2,2
1179,0,0,1,2,1,4,4,1,1,1,0,1,2,2
1180,0,0,1,0,0,4,5,1,1,1,0,1,1,2
1181,1,0,1,2,0,4,4,1,1,0,0,0,1,2
1182,1,0,0,0,0,2,3,0,0,1,0,1,4,2
1183,1,0,1,2,1,5,5,1,1,1,0,1,1,2
1184,0,0,1,3,1,4,6,1,1,0,0,0,1,2
1185,0,0,1,2,0,4,4,1,1,1,0,1,1,2
1186,0,0,1,2,0,5,5,1,1,1,0,0,1,2
1187,1,0,1,2,0,4,5,1,1,1,0,1,1,2
1188,0,0,1,0,1,4,4,1,1,1,0,0,1,2
1189,0,0,0,2,0,2,4,1,1,1,0,1,2,2
1190,1,0,1,3,1,4,3,1,1,1,0,1,1,2
1191,0,1,1,2,1,4,3,1,1,1,0,0,3,2
1192,1,0,1,3,1,5,5,1,1,1,0,1,1,2
1193,1,0,1,0,0,5,5,1,1,1,0,0,1,2
1194,1,0,1,3,0,4,4,1,1,1,0,1,1,2
1195,0,0,1,0,1,4,4,1,1,1,0,1,1,2
1196,0,0,0,2,0,2,4,1,1,1,0,0,1,2
1197,0,0,1,3,1,4,4,1,1,1,0,0,1,2
1198,1,0,1,2,0,4,3,1,1,1,0,0,1,2
1199,0,0,1,2,1,3,4,1,1,1,0,0,1,2
1200,0,0,1,0,1,5,4,1,1,1,0,0,1,2
1201,1,0,1,2,0,3,5,1,1,1,0,1,1,2
1202,0,0,1,2,1,4,6,1,1,1,0,0,1,2
1203,0,0,1,2,1,3,4,1,1,1,0,0,1,2
1204,0,0,0,2,1,5,6,1,1,1,0,0,1,2
1205,0,0,1,2,1,2,5,1,1,1,0,0,1,2
1206,0,0,0,0,0,4,4,1,1,1,0,1,1,2
1207,0,0,1,2,0,3,6,1,1,1,0,1,1,2
1208,0,0,0,2,0,4,5,1,1,1,0,0,1,2
1209,1,0,1,0,1,5,5,1,1,1,0,1,1,2
1210,0,0,1,2,1,3,6,1,1,1,0,1,1,2
1211,1,0,1,1,1,3,6,1,1,1,0,0,2,2
1212,0,0,1,2,0,5,6,1,1,1,0,0,1,2
1213,1,0,0,3,1,4,6,1,1,1,0,0,1,2
1214,0,0,1,3,1,4,5,1,1,1,0,1,1,2
1215,0,0,0,2,1,4,4,1,1,1,0,0,1,2
1216,1,0,1,2,0,5,5,1,1,1,0,1,1,2
1217,0,0,0,3,1,4,5,1,1,1,0,0,1,2
1218,0,0,1,0,1,2,5,1,1,1,0,1,1,2
1219,0,0,0,2,0,2,6,1,1,1,0,0,1,2
1220,0,1,0,3,0,4,5,1,1,1,0,1,1,2
1221,0,0,1,2,1,1,6,1,1,1,0,1,1,2
1222,0,0,1,2,1,2,6,1,1,1,0,0,1,2
1223,0,0,1,2,0,1,4,1,1,1,0,0,1,2
1224,1,0,1,0,1,2,6,1,1,1,0,1,2,2
1225,0,0,0,2,0,3,6,1,1,1,0,0,2,2
1226,0,0,0,3,0,2,4,1,1,1,0,1,1,2
1227,0,0,0,0,0,2,4,1,1,1,0,1,1,2
1228,0,0,0,3,0,1,4,1,1,1,0,1,3,2
1229,0,0,0,2,0,5,3,1,1,1,0,1,2,2
1230,0,0,0,0,0,4,3,1,1,1,0,0,1,2
1231,0,0,0,3,1,3,5,1,1,1,0,1,2,2
1232,0,0,0,0,0,5,3,1,1,1,0,1,1,2
1233,0,0,0,2,0,4,3,1,1,1,0,1,2,2
1234,0,0,0,1,0,4,3,1,1,1,0,1,1,2
1235,0,0,0,3,0,3,3,1,1,1,0,0,1,2
1236,0,0,0,0,0,4,3,1,1,1,0,1,2,2
1237,0,0,0,3,0,1,3,1,1,1,0,1,1,2
1238,0,0,0,3,0,2,3,1,1,1,0,1,3,2
1239,0,0,0,1,0,4,4,1,1,1,0,1,2,2
1240,0,0,0,2,0,3,3,1,1,1,0,1,1,2
1241,0,0,0,3,0,2,3,1,1,1,0,0,3,2
1242,0,0,0,0,0,5,3,1,1,1,0,1,2,2
1243,0,0,0,2,0,2,3,1,1,1,0,0,3,2
1244,0,0,0,3,0,4,4,1,1,1,0,1,1,2
1245,0,0,0,3,0,2,3,1,1,1,0,1,2,2
1246,0,0,0,2,0,4,3,1,1,1,0,1,1,2
1247,0,0,0,0,0,2,3,1,1,1,0,1,1,2
1248,0,0,0,3,0,4,3,1,1,1,0,1,1,2
1249,0,0,0,2,0,3,3,1,1,1,0,0,2,2
1250,0,0,0,3,0,2,3,1,1,1,0,1,3,2
1251,0,0,0,2,0,4,5,1,1,1,0,0,1,2
1252,0,0,0,0,0,5,3,1,1,1,0,1,1,2
1253,0,0,0,2,0,4,3,1,1,1,0,1,3,2
1254,0,0,0,2,0,2,3,1,1,1,0,1,1,2
1255,0,0,0,2,0,2,4,1,1,1,0,1,3,2
1256,1,1,1,2,0,1,3,1,0,1,0,1,2,2
1257,0,0,0,2,0,5,3,1,1,1,0,1,3,2
1258,0,0,0,1,0,5,5,1,1,1,0,1,1,2
1259,0,0,0,3,0,4,3,1,1,1,0,1,2,2
1260,1,0,1,0,1,2,3,1,0,1,0,1,1,2
1261,0,0,0,2,0,3,3,1,1,1,0,1,4,2
1262,0,0,0,1,0,4,3,1,1,1,0,1,1,2
1263,0,0,0,1,0,3,3,1,1,1,0,1,1,2
1264,0,0,0,3,0,4,6,1,1,1,0,1,3,2
1265,0,0,0,3,0,3,5,1,1,1,0,1,2,2
1266,0,0,0,0,0,3,3,1,1,1,0,1,2,2
1267,0,0,0,2,0,4,4,1,1,1,0,1,2,2
1268,0,0,0,2,0,4,3,1,1,1,0,1,1,2
1269,0,0,0,1,0,3,4,1,1,1,0,1,2,2
1270,0,0,0,2,0,3,3,1,1,1,0,1,4,2
1271,0,0,0,2,0,3,3,1,1,1,0,1,1,2
1272,0,0,0,2,0,2,3,1,1,1,0,1,2,2
1273,0,0,0,0,0,5,3,1,1,1,0,1,2,2
1274,0,0,0,2,0,3,3,1,1,1,0,1,2,2
1275,0,0,0,3,0,5,4,1,1,1,0,1,3,2
1276,0,0,0,3,0,4,6,1,1,1,0,1,2,2
1277,0,0,0,3,0,4,3,1,1,1,0,0,2,2
1278,0,0,0,3,0,3,5,1,1,1,0,1,3,2
1279,0,0,0,0,0,4,5,1,1,1,0,1,1,2
1280,0,0,0,2,0,3,3,1,1,1,0,1,3,2
1281,0,0,0,2,0,4,3,1,1,1,0,1,2,2
1282,0,0,0,3,0,3,5,1,1,1,0,1,1,2
1283,0,0,0,0,0,3,3,1,1,1,0,1,2,2
1284,0,0,0,2,0,4,3,1,1,1,0,1,1,2
1285,0,0,0,3,0,4,3,1,1,1,0,1,3,2
1286,0,0,0,3,0,3,3,1,1,1,0,1,2,2
1287,0,0,0,2,0,3,3,1,1,1,0,1,3,2
1288,0,0,0,0,0,4,3,1,1,1,0,1,1,2
1289,0,0,0,2,0,3,3,1,1,1,0,1,1,2
1290,0,0,0,2,0,3,3,1,1,1,0,1,4,2
1291,0,0,0,2,0,3,3,1,1,1,0,1,2,2
1292,0,0,0,3,0,3,3,1,1,1,0,1,1,2
1293,0,0,0,3,0,3,4,1,1,1,0,1,2,2
1294,0,0,0,2,0,5,4,1,1,1,0,1,2,2
1295,0,0,0,2,0,4,3,1,1,1,0,1,1,2
1296,0,0,0,2,0,4,3,1,1,1,0,1,1,2
1297,0,0,0,1,0,4,3,1,1,1,0,1,1,2
1298,0,0,0,2,0,4,3,1,1,1,0,1,1,2
1299,0,0,0,2,1,5,3,1,1,1,0,1,1,2
1300,0,0,0,0,1,4,3,1,1,1,0,1,2,2
1301,0,0,0,3,1,4,6,1,1,1,0,1,3,2
1302,0,0,0,2,0,5,3,1,1,1,0,1,3,2
1303,0,0,0,0,1,3,3,1,1,1,0,1,2,2
1304,0,0,0,3,1,4,3,1,1,1,0,1,1,2
1305,0,0,0,0,1,3,3,1,1,1,0,1,1,2
1306,0,0,0,2,0,4,3,1,1,1,0,1,3,2
1307,0,0,0,2,1,4,4,1,1,1,0,1,3,2
1308,0,0,0,2,0,5,3,1,1,1,0,1,3,2
1309,0,0,0,2,0,3,3,1,1,1,0,1,4,2
1310,0,0,0,2,0,4,3,1,1,1,0,1,2,2
1311,0,0,0,0,1,4,3,1,1,1,0,1,2,2
1312,0,0,0,3,0,3,3,1,1,1,0,1,1,2
1313,0,0,0,3,1,4,3,1,1,1,0,1,2,2
1314,0,0,0,2,1,4,4,1,1,1,0,1,4,2
1315,0,0,0,0,1,5,3,1,1,1,0,1,1,2
1316,0,0,0,1,0,4,3,0,0,1,0,1,1,2
1317,0,0,0,3,1,3,3,1,1,1,0,1,3,2
1318,0,0,0,3,0,4,3,1,1,1,0,1,1,2
1319,0,0,0,2,0,4,3,1,1,1,0,1,2,2
1320,0,0,0,2,0,5,3,1,1,1,0,1,1,2
1321,0,0,0,2,1,4,3,1,1,1,0,1,2,2
1322,0,0,0,3,1,3,3,1,1,1,0,1,1,2
1323,0,0,0,0,1,4,3,1,1,1,0,1,2,2
1324,0,0,0,0,1,5,3,1,1,1,0,1,1,2
1325,0,0,0,1,0,3,3,1,1,1,0,1,1,2
1326,0,0,0,3,1,3,3,1,1,1,0,1,3,2
1327,0,0,0,2,0,3,4,1,1,1,0,1,1,2
1328,0,0,0,2,1,5,3,1,1,1,0,1,1,2
1329,0,0,0,2,0,4,3,1,1,1,0,1,3,2
1330,0,0,0,0,1,3,5,1,1,1,0,1,1,2
1331,0,0,0,2,1,6,6,1,1,1,0,1,4,2
1332,0,0,0,3,1,3,3,1,1,1,0,1,3,2
1333,0,0,0,2,1,2,4,1,1,1,0,1,3,2
1334,0,0,0,3,0,4,3,1,1,1,0,1,1,2
1335,0,0,0,2,0,4,3,1,1,1,0,1,2,2
1336,0,0,0,2,0,2,3,1,1,1,0,1,2,2
1337,0,0,0,3,0,4,3,1,1,1,0,1,2,2
1338,0,0,0,2,1,4,3,1,1,1,0,1,3,2
1339,0,0,0,3,0,5,3,1,1,1,0,1,3,2
1340,0,0,0,2,1,5,5,1,1,1,0,1,1,2
1341,0,0,0,3,1,3,6,1,1,1,0,1,3,2
1342,0,0,0,0,1,3,3,1,1,1,0,1,3,2
1343,0,0,1,3,1,4,4,1,1,1,0,1,3,2
1344,0,0,0,2,0,2,4,1,1,1,0,1,2,2
1345,1,0,0,3,1,4,3,1,1,1,0,1,1,2
1346,0,1,0,2,1,5,4,1,1,1,0,1,2,2
1347,0,0,1,3,1,4,4,1,1,1,0,1,3,2
1348,1,1,0,3,0,4,6,0,1,1,0,1,2,2
1349,0,0,1,2,0,3,3,1,1,1,0,1,3,2
1350,0,1,0,3,1,4,3,1,1,1,0,0,2,2
1351,1,0,0,2,1,5,6,1,1,1,0,1,1,2
1352,1,0,1,2,1,2,3,1,1,1,0,1,2,2
1353,1,0,0,3,0,3,4,1,1,1,0,1,3,2
1354,0,1,0,0,1,2,3,0,1,1,0,0,2,2
1355,0,0,0,0,0,3,6,1,1,1,0,1,3,2
1356,0,1,1,0,1,3,3,1,1,1,0,0,3,2
1357,1,1,1,0,1,3,5,1,1,1,0,1,1,2
1358,1,0,0,2,1,2,3,0,1,1,0,0,2,2
1359,1,1,0,3,1,2,3,1,1,1,0,1,3,2
1360,1,0,1,1,0,4,3,0,1,1,0,1,3,2
1361,1,0,0,3,1,3,3,0,1,1,0,1,1,2
1362,0,1,1,3,0,3,3,0,0,1,0,1,2,2
1363,1,0,1,1,1,3,3,1,1,1,0,1,3,2
1364,0,0,1,2,1,2,3,0,1,1,0,0,3,2
1365,0,0,1,1,0,3,3,1,1,1,0,1,4,2
1366,1,0,1,2,1,3,3,0,1,1,0,1,1,2
1367,0,0,1,3,1,4,3,1,0,1,0,1,3,2
1368,0,1,1,3,0,3,3,0,1,1,0,1,2,2
1369,0,0,1,3,1,4,3,1,1,1,0,1,1,2
1370,0,1,1,2,1,5,4,1,1,1,0,1,2,2
1371,0,0,0,2,0,2,6,0,1,1,0,1,3,2
1372,0,1,1,2,1,3,3,1,1,1,0,0,2,2
1373,1,0,1,0,1,5,5,1,1,1,0,1,1,2
1374,1,0,0,2,0,2,3,0,1,1,0,1,1,2
1375,0,0,1,0,0,3,3,1,1,1,0,1,4,2
1376,1,0,0,3,1,4,2,0,1,1,0,0,3,2
1377,0,1,0,2,0,4,3,0,1,1,0,1,3,2
1378,1,0,1,3,1,4,5,1,1,1,0,1,1,2
1379,0,1,1,2,1,3,6,1,1,1,0,1,4,2
1380,1,1,0,3,0,2,2,0,1,1,0,1,1,2
1381,1,0,1,0,0,5,2,1,1,1,0,1,1,2
1382,0,1,1,3,0,4,2,1,1,1,0,0,3,2
1383,0,1,0,3,0,5,3,1,1,1,0,0,1,2
1384,0,0,1,3,1,4,4,1,1,1,0,1,2,2
1385,1,0,1,3,1,2,3,1,1,1,0,1,1,2
1386,1,0,1,2,0,3,2,0,1,1,0,1,1,2
1387,0,1,0,3,0,1,2,0,1,1,0,1,3,2
1388,1,0,1,2,0,3,2,0,1,1,0,1,2,2
1389,0,0,0,0,1,2,3,1,1,1,0,1,1,2
1390,0,1,1,0,1,5,2,1,1,1,0,1,2,2
1391,0,1,1,2,1,3,2,1,1,1,0,0,3,2
1392,1,0,1,3,1,4,3,1,1,1,0,1,1,2
1393,0,1,1,3,1,4,4,1,1,1,0,0,3,2
1394,1,0,1,3,1,4,3,1,1,1,0,1,3,2
1395,0,0,0,3,1,2,3,0,1,1,0,0,1,2
1396,0,0,1,3,0,3,2,0,1,1,0,1,1,2
1397,0,0,1,3,1,4,4,1,1,1,0,0,1,2
1398,0,0,1,3,1,3,2,1,1,1,0,1,1,2
1399,0,0,1,0,1,3,2,1,1,1,0,1,1,2
1400,1,1,0,0,0,4,3,1,1,1,0,0,1,2
1401,1,1,1,3,1,3,4,1,1,1,0,1,2,2
1402,0,1,0,3,0,5,4,0,1,1,0,0,3,2
1403,1,1,1,1,1,2,6,1,1,1,0,1,1,2
1404,0,1,1,0,0,2,3,1,1,1,0,1,1,2
1405,0,1,1,1,1,3,2,1,1,1,0,0,2,2
1406,0,0,1,3,0,4,3,0,1,1,0,1,3,2
1407,1,0,1,2,0,4,5,1,1,1,0,1,1,2
1408,1,0,1,1,0,4,3,1,1,1,0,1,3,2
1409,0,1,1,2,1,3,4,0,1,1,0,0,1,2
1410,0,0,1,2,0,2,6,0,1,1,0,1,3,2
1411,1,0,1,0,1,4,5,1,1,1,0,1,1,2
1412,1,0,0,0,0,4,2,1,1,1,0,1,1,2
1413,1,0,1,0,0,4,3,1,1,1,0,0,2,2
1414,1,0,1,2,1,3,2,0,1,1,0,1,1,2
1415,0,0,1,2,0,3,3,0,1,1,0,1,3,2
1416,0,0,1,3,1,3,5,1,1,1,0,1,2,2
1417,1,1,0,3,0,4,3,0,1,1,0,1,3,2
1418,0,0,1,2,0,3,6,1,1,1,0,1,3,2
1419,0,0,1,3,1,3,3,1,1,1,0,1,3,2
1420,0,0,1,2,1,2,4,0,1,1,0,0,3,2
1421,1,0,1,2,1,3,3,1,1,1,0,1,3,2
1422,0,0,1,2,1,2,4,0,1,1,0,0,3,2
1423,0,0,1,2,1,3,6,0,1,1,0,1,4,2
1424,1,0,1,2,0,3,2,0,1,1,0,1,3,2
1425,0,1,1,3,0,3,4,0,1,1,0,1,3,2
1426,1,1,1,0,1,5,2,1,1,1,0,1,2,2
1427,0,0,1,2,0,4,4,0,1,1,0,1,2,2
1428,0,0,1,0,1,2,3,1,1,1,0,1,2,2
1429,0,0,1,0,1,3,3,1,1,1,0,1,1,2
1430,1,0,1,0,1,4,3,1,1,1,0,1,2,2
1431,0,1,1,2,1,3,2,1,1,1,0,0,2,2
1432,1,0,0,2,1,3,2,0,1,1,0,1,2,2
1433,1,1,0,3,0,4,4,0,1,1,0,1,3,2
1434,0,1,1,2,1,4,2,1,1,1,0,0,2,2
1435,1,1,1,3,1,3,6,1,1,1,0,2,3,2
1436,0,1,1,0,1,3,3,1,1,1,0,2,2,2
1437,1,0,1,3,1,3,3,1,1,1,0,2,3,2
1438,0,1,1,2,1,2,4,0,1,1,0,0,2,2
1439,0,0,1,2,0,3,6,0,1,1,0,1,3,2
1440,0,1,1,2,1,3,2,1,1,1,0,0,4,2
1441,1,0,1,0,1,5,5,1,1,1,0,1,1,2
1442,1,0,1,2,1,3,2,0,1,1,0,1,1,2
1443,0,0,1,0,1,3,3,1,1,1,0,2,2,2
1444,1,0,1,1,1,3,3,1,1,1,0,2,3,2
1445,0,0,1,2,1,2,4,0,1,1,0,0,3,2
1446,0,0,0,2,1,3,2,0,1,1,0,0,1,2
1447,0,1,0,2,0,2,3,0,1,1,0,1,1,2
1448,1,0,1,1,1,5,5,0,1,1,0,1,1,2
1449,1,0,0,3,1,3,6,0,1,1,0,1,3,2
1450,0,0,1,2,1,3,3,1,1,1,0,1,3,2
1451,0,1,0,3,1,5,6,1,1,1,0,0,3,2
1452,1,0,1,2,0,5,3,0,1,1,0,0,2,2
1453,0,0,0,3,1,4,3,1,1,1,0,0,3,2
1454,1,1,0,3,0,4,2,1,1,1,0,2,3,2
1455,0,0,0,2,0,2,6,0,1,1,0,1,3,2
1456,0,1,1,2,1,3,2,1,1,1,0,0,2,2
1457,1,0,1,0,1,5,5,1,1,1,0,1,1,2
1458,0,0,1,0,0,3,3,1,1,1,0,1,4,2
1459,0,0,1,2,1,2,4,0,1,1,0,0,3,2
1460,1,0,0,3,1,4,2,0,1,1,0,0,3,2
1461,1,1,1,1,1,2,5,0,1,1,0,1,1,2
1462,1,0,1,3,1,4,5,1,1,1,0,1,1,2
1463,0,0,1,2,1,3,3,1,1,1,0,2,2,2
1464,1,0,1,0,0,5,2,1,1,1,0,2,1,2
1465,0,1,1,3,0,4,2,1,1,1,0,0,3,2
1466,1,0,1,2,1,5,5,1,1,0,0,1,1,2
1467,0,0,1,2,0,3,6,1,1,1,0,2,4,2
1468,1,0,1,2,1,3,2,0,1,1,0,1,1,2
1469,0,0,1,0,1,5,2,0,1,1,0,2,1,2
1470,0,1,1,2,1,4,2,1,1,1,0,0,3,2
1471,0,1,0,3,1,5,3,1,1,0,0,0,3,2
1472,0,0,1,2,1,4,4,1,1,1,0,1,4,2
1473,0,0,0,2,0,2,4,1,1,1,0,1,2,2
1474,1,0,1,3,1,4,3,1,1,1,0,1,1,2
1475,0,1,1,2,1,5,4,1,1,1,0,2,2,2
1476,0,0,1,3,1,4,3,1,0,1,0,1,3,2
1477,0,0,1,2,0,3,2,0,0,1,0,1,2,2
1478,0,0,1,2,0,4,3,1,0,0,0,1,1,2
1479,1,1,1,2,1,5,2,1,1,1,0,2,3,2
1480,1,0,1,3,1,3,3,1,1,1,0,1,1,2
1481,1,0,1,2,0,4,3,1,1,1,0,1,2,2
1482,0,0,1,3,1,3,3,1,1,1,0,2,2,2
1483,0,1,1,3,1,4,3,1,1,1,0,0,3,2
1484,0,0,1,2,0,5,3,1,0,1,0,1,2,2
1485,0,0,1,3,1,3,2,1,1,1,0,1,2,2
1486,1,0,1,3,1,3,3,1,1,0,0,1,3,2
1487,0,0,1,3,1,4,3,1,1,1,0,2,1,2
1488,0,0,1,3,1,2,2,0,1,1,0,2,1,2
1489,0,0,1,3,1,5,3,1,1,1,0,2,2,2
1490,1,0,1,0,0,3,3,0,1,1,0,2,2,2
1491,1,0,1,0,1,2,3,1,1,1,0,2,2,2
1492,0,0,1,0,1,4,3,1,1,0,0,2,2,2
1493,1,0,1,3,1,4,6,1,1,1,0,1,3,2
1494,0,1,1,2,1,5,2,1,1,1,0,2,1,2
1495,0,1,1,2,1,4,2,0,1,1,0,0,4,2
1496,0,0,1,3,1,3,6,1,1,1,0,2,4,2
1497,1,0,1,2,1,3,2,0,1,1,0,1,1,2
1498,1,1,0,3,0,4,3,0,1,0,0,1,3,2
1499,0,0,1,2,0,3,6,1,1,1,0,1,3,2
1500,0,1,1,2,1,4,2,1,1,1,0,0,2,2
1501,1,0,1,2,1,5,5,1,1,1,0,1,1,2
1502,0,0,1,3,1,3,6,1,1,1,0,2,4,2
1503,1,0,1,2,1,3,2,1,1,1,0,1,1,2
1504,0,0,1,0,1,3,3,1,1,1,1,2,2,2
1505,0,0,1,3,1,3,3,1,1,1,1,2,3,2
1506,0,0,1,2,1,2,4,0,1,0,0,0,3,2
1507,0,0,1,2,1,3,2,1,1,1,1,2,2,2
1508,1,0,1,1,0,3,2,0,1,1,1,1,1,2
1509,1,1,1,3,0,3,2,0,1,1,0,1,2,2
1510,1,1,1,0,1,5,6,1,1,1,1,2,2,2
1511,1,0,1,2,0,3,6,0,1,1,1,1,1,2
1512,0,0,1,2,1,2,3,1,1,1,0,2,2,2
1513,0,0,1,3,1,5,3,1,1,0,1,1,1,2
1514,1,0,1,2,0,2,6,1,1,1,0,1,3,2
1515,1,0,1,2,1,3,2,0,1,1,1,1,1,2
1516,0,0,1,2,1,1,6,1,1,1,1,1,1,2
1517,1,0,1,3,1,3,6,1,1,1,1,0,3,2
1518,0,0,1,2,1,2,6,0,1,1,0,0,3,2
1519,0,0,1,2,1,3,6,0,1,0,1,1,2,2
1520,1,0,1,3,1,4,3,1,1,1,0,1,1,2
1521,0,0,1,3,1,3,3,1,1,1,1,2,2,2
1522,1,1,1,2,1,2,4,0,1,1,0,0,3,2
1523,0,1,1,0,1,3,3,1,1,1,0,2,2,2
1524,0,1,1,2,1,2,4,0,1,1,0,0,3,2
1525,0,0,1,2,0,3,6,0,1,1,1,1,3,2
1526,1,0,1,2,0,4,2,0,1,0,1,1,1,2
1527,0,0,1,0,1,2,3,1,1,1,0,2,2,2
1528,0,0,1,2,1,2,4,0,1,1,0,0,3,2
1529,1,0,0,2,1,3,2,0,1,1,1,0,1,2
1530,0,1,0,2,1,5,3,0,1,1,1,1,3,2
1531,1,0,1,1,1,5,5,0,1,1,0,1,1,2
1532,1,1,1,3,1,3,3,0,1,1,1,1,2,2
1533,1,0,0,2,0,3,2,1,1,1,1,0,1,2
1534,1,0,0,0,0,5,2,0,1,1,1,2,1,2
1535,0,1,1,0,1,3,2,1,1,1,1,2,2,2
1536,1,1,1,1,1,5,2,1,1,0,0,0,3,2
1537,0,1,1,3,0,3,2,1,1,1,1,0,1,2
1538,0,1,1,2,1,5,2,0,1,1,0,2,4,2
1539,0,0,0,2,0,2,2,1,1,1,1,1,2,2
1540,0,0,1,3,1,3,2,1,1,1,0,0,2,2
1541,0,0,1,0,1,4,3,0,1,1,1,0,1,2
1542,1,0,0,2,0,3,3,0,1,1,0,0,1,2
1543,1,1,0,2,1,5,4,1,1,1,1,0,2,2
1544,0,0,1,2,0,4,2,1,1,1,1,0,3,2
1545,1,0,1,2,1,5,5,0,1,1,0,1,1,2
1546,1,0,1,2,1,3,2,0,1,1,1,1,1,2
1547,1,0,1,2,1,3,3,1,1,0,0,2,2,2
1548,0,1,1,2,1,5,2,0,1,1,1,2,1,2
1549,0,0,1,0,0,5,2,0,1,1,1,2,1,2
1550,0,1,1,2,1,4,4,1,1,1,1,1,4,2
1551,0,0,0,2,0,3,4,1,1,1,1,1,2,2
1552,1,0,1,3,1,4,5,1,1,1,0,1,1,2
1553,1,1,1,2,1,5,4,0,1,1,1,2,2,2
1554,0,0,1,2,0,3,2,0,1,1,0,1,2,2
1555,0,0,1,2,0,4,2,0,1,1,0,1,2,2
1556,0,1,1,2,0,3,4,0,1,1,0,0,1,2
1557,0,0,1,3,1,2,2,1,1,1,1,0,1,2
1558,1,1,1,2,1,5,5,1,1,1,1,2,1,2
1559,1,0,0,3,1,3,3,1,1,0,0,0,1,2
1560,0,1,1,2,1,2,1,1,1,1,1,0,1,2
1561,1,0,1,3,1,3,5,1,1,1,0,0,2,2
1562,0,0,1,2,1,3,6,1,1,1,1,2,2,2
1563,1,0,1,2,1,3,2,0,1,1,1,1,1,2
1564,1,0,0,1,1,5,5,0,1,1,0,1,1,2
1565,1,0,0,3,1,3,6,0,1,1,1,1,2,2
1566,0,1,0,3,1,4,5,1,1,0,0,0,3,2
1567,1,0,1,3,1,3,5,1,1,1,1,0,1,2
1568,1,0,1,2,1,2,2,1,1,1,0,1,2,2
1569,1,0,0,2,0,4,1,1,1,1,1,1,2,2
1570,1,0,1,3,1,3,2,0,1,1,0,1,1,2
1571,0,1,1,2,1,2,4,0,1,1,1,2,2,2
1572,1,0,1,3,1,1,6,1,1,1,1,2,3,2
1573,0,0,1,2,1,2,4,1,1,1,1,1,1,2
1574,0,0,0,3,0,4,1,0,1,0,0,1,2,2
1575,1,0,1,3,0,5,6,1,1,1,0,0,2,2
1576,1,0,0,2,1,5,3,1,1,1,0,0,1,2
1577,1,1,1,2,0,2,2,0,1,1,1,2,1,2
1578,0,1,0,3,0,2,6,1,1,1,0,2,3,2
1579,1,0,1,3,1,1,3,0,1,0,0,1,3,2
1580,1,1,0,1,0,1,3,1,1,1,0,2,3,2
1581,1,0,0,0,1,5,3,0,1,1,1,2,1,2
1582,0,0,1,0,1,2,6,1,1,1,0,2,1,2
1583,1,0,0,3,1,3,6,1,1,1,0,1,4,2
1584,1,0,1,2,1,3,2,0,1,0,0,1,2,2
1585,1,0,1,0,0,3,3,1,1,1,0,2,2,2
1586,1,0,1,0,1,3,6,0,1,1,0,2,1,2
1587,1,1,1,0,0,5,1,1,1,0,1,2,1,2
1588,1,0,0,2,0,4,3,1,1,1,0,0,2,2
1589,0,0,1,3,0,3,6,1,1,1,0,1,1,2
1590,0,0,1,2,0,2,3,0,1,1,1,1,2,2
1591,1,0,1,2,1,3,6,1,1,1,0,2,4,2
1592,0,0,1,3,1,2,6,1,1,1,1,1,3,2
1593,0,0,1,2,1,4,2,0,1,1,1,1,2,2
1594,1,1,1,3,0,3,2,0,1,1,0,1,3,2
1595,1,0,1,3,1,3,3,1,1,1,0,0,2,2
1596,0,0,1,3,0,3,1,1,1,1,0,1,2,2
1597,1,0,1,0,1,4,3,0,1,0,0,2,4,2
1598,1,0,1,0,0,3,3,0,1,0,0,0,2,2
1599,1,1,1,0,0,4,3,1,1,0,1,0,2,2
1600,1,0,0,2,1,3,2,0,1,0,1,1,1,2
